Object,Type,Date,RA_result (degree),DEC_result (degree),RA_input (degree),DEC_input (degree),Angular Separation (degree),Apparent magnitude R (known),Apparent magnitude G (known),Apparent magnitude B (known),"flux R (measured, W/m^2)","flux G (measured, W/m^2)","flux B (measured, W/m^2)","flux V (measured, W/m^2)",Apparent magnitude R (instrumental),Apparent magnitude G (instrumental),Apparent magnitude B (instrumental),Apparent magnitude V (instrumental),Airmass
2MASS J13412857+4939085,Bader,2024-03-06T20:49:36.285,205.36893916666665,49.65231083333333,205.37991684945206,49.639939597670164,0.01426789661273125,,,,,,37.111796347717956,,,,-3.9237799407776612,,1.697661
2MASX J13405250+4935405,Bader,2024-03-06T20:49:36.285,205.21874291666663,49.59460694444444,205.22142687995563,49.60863690665847,0.014137383175373115,,,,,,8.316402222636412,,,,-2.2998387145295167,,1.697661
2MASX J13410083+4929175,Bader,2024-03-06T20:49:36.285,205.25350041666664,49.488191944444445,205.27073738202552,49.47815906110486,0.01503536011070243,,,,,,12.967379494098253,,,,-2.7821305519606945,,1.697661
2MASX J13415119+4939274,Bader,2024-03-06T20:49:36.285,205.46346291666663,49.657514722222224,205.46052761969878,49.62871592067817,0.028861458541390002,,,,,,91.74158318376664,,,,-4.906415576192574,,1.697661
Gaia DR3 1558384701027155840,Bader,2024-03-06T20:49:36.285,205.1221633333333,49.599985000000004,205.12985403416272,49.60844306930518,0.00981732371474948,,,,,,45.665502741698276,,,,-4.1489706081375,,1.697661
LEDA 2343422,Bader,2024-03-06T20:49:36.285,205.13619249999996,49.45396111111111,205.12202790813456,49.44349358080908,0.013941707677514908,,,,,,83.75070457591394,,,,-4.8074711733660696,,1.697661
NVSS J134023+493053,Bader,2024-03-06T20:49:36.285,205.09838749999997,49.51490555555556,205.12322066592668,49.51749885084665,0.016329743646341325,,,,,,27.968061045874947,,,,-3.6166558972243115,,1.697661
NVSS J134052+493231,Bader,2024-03-06T20:49:36.285,205.2195833333333,49.54222222222222,205.19764648025833,49.51575879073397,0.030050712899061985,,,,,,21.55014384315284,,,,-3.3336254333508144,,1.697661
NVSS J134138+491855,Bader,2024-03-06T20:49:36.285,205.40599166666667,49.31940555555556,205.37583345589704,49.352662210584995,0.03862895084899992,,,,,,298.7171931904502,,,,-6.18815054975479,,1.697661
NVSS J134157+493907,Bader,2024-03-06T20:49:36.285,205.48958333333331,49.651666666666664,205.4801813635416,49.61112611676551,0.040995370142278345,,,,,,88.96695111501495,,,,-4.873071769030157,,1.697661
SDSS J134038.43+492516.4,Bader,2024-03-06T20:49:36.285,205.16015416666664,49.42124166666667,205.1698021954323,49.40650806270286,0.016014953540015486,,,,,,16.966743480637234,,,,-3.073996234535084,,1.697661
SDSS J134041.67+491923.3,Bader,2024-03-06T20:49:36.285,205.17365249999995,49.323147222222225,205.14712163241828,49.35464699866693,0.03593158665837282,,,,,,16.084665801781014,,,,-3.01603010450775,,1.697661
SDSS J134056.73+492919.2,Bader,2024-03-06T20:49:36.285,205.23641666666663,49.488689722222226,205.2224123831963,49.48934836584001,0.009120907535778955,,,,,,21.46785451555091,,,,-3.329471608690055,,1.697661
SDSS J134057.37+492154.7,Bader,2024-03-06T20:49:36.285,205.23904999999996,49.36520277777778,205.26078014133432,49.34062575141294,0.028361829644443254,,,,,,77.06874660925514,,,,-4.717195739974736,,1.697661
SDSS J134058.16+492418.5,Bader,2024-03-06T20:49:36.285,205.24235541666664,49.40516944444445,205.26993573966507,49.42050848416684,0.02360653728961348,,,,,,7.274839791302057,,,,-2.1545585840006716,,1.697661
SDSS J134100.38+492352.7,Bader,2024-03-06T20:49:36.285,205.25157791666663,49.397981944444446,205.2371738843658,49.38467281361393,0.01627979159542435,,,,,,13.96534116812829,,,,-2.862628874551146,,1.697661
SDSS J134111.37+492627.6,Bader,2024-03-06T20:49:36.285,205.2973808333333,49.44103388888889,205.2945206395067,49.43553811741359,0.005801955756249539,,,,,,54.189209407413585,,,,-4.334782037315884,,1.697661
SDSS J134128.52+492438.1,Bader,2024-03-06T20:49:36.285,205.36885916666665,49.410598888888885,205.37542551619387,49.4047455229262,0.007246828238977689,,,,,,25.870376296817184,,,,-3.532006864451072,,1.697661
SDSS J134132.29+492928.0,Bader,2024-03-06T20:49:36.285,205.38456249999996,49.49111388888889,205.40271622053604,49.48572208521527,0.012966844233571199,,,,,,20.652196971047815,,,,-3.287415646234208,,1.697661
SDSS J134137.20+492326.9,Bader,2024-03-06T20:49:36.285,205.40499999999997,49.39082222222222,205.36376813215665,49.36332030509693,0.038431993301629705,,,,,,5.5993945308125035,,,,-1.8703526719158439,,1.697661
SDSS J134144.69+492839.6,Bader,2024-03-06T20:49:36.285,205.43624166666666,49.47768333333334,205.45398910624675,49.452618274549394,0.02759159281731531,,,,,,21.44483863321875,,,,-3.3283069565885426,,1.697661
SDSS J134146.26+492015.1,Bader,2024-03-06T20:49:36.285,205.44277916666664,49.33754444444445,205.44738814973124,49.342719064887035,0.005982898949861153,,,,,,2.765291948355312,,,,-1.1043524727965546,,1.697661
SDSS J134207.45+493136.6,Bader,2024-03-06T20:49:36.285,205.53107749999998,49.526853333333335,205.4888018117758,49.547662539047224,0.034433989615117365,,,,,,24.79297126127325,,,,-3.485821442479195,,1.697661
SDSSCGB 9701.4,Bader,2024-03-06T20:49:36.285,205.4149833333333,49.55384166666666,205.46463829901367,49.5532420867391,0.0322186012793957,,,,,,22.651006569067874,,,,-3.3877187650640335,,1.697661
[SPD2011] 26347,Bader,2024-03-06T20:49:36.285,205.45833333333331,49.361666666666665,205.46424293320905,49.357769605089345,0.005477376217906232,,,,,,3.6292418146803413,,,,-1.3995397650057737,,1.697661
2MASS J13421665+4921143,Bader,2024-03-06T21:36:42.131,205.56930916666664,49.35399638888889,205.5331678713339,49.3731273843515,0.03033146927552324,,,,41.15509816691171,,,,-4.036059104861828,,,,1.478896
2MASX J13405250+4935405,Bader,2024-03-06T21:36:42.131,205.21874291666663,49.59460694444444,205.24382760323863,49.57543181370556,0.025142928378095813,,,,39.76908090762589,,,,-3.998863885601813,,,,1.478896
2MASX J13410083+4929175,Bader,2024-03-06T21:36:42.131,205.25350041666664,49.488191944444445,205.25885426219804,49.48485400864835,0.004820613393687229,,,,26.119419953730485,,,,-3.542408820319686,,,,1.478896
2MASX J13420222+4919364,Bader,2024-03-06T21:36:42.131,205.50910749999997,49.327020000000005,205.50597134904152,49.32698027853205,0.002044344301547643,,,,7.826249664219517,,,,-2.2338842454000813,,,,1.478896
GB6 B1339+4931,Bader,2024-03-06T21:36:42.131,205.25666666666663,49.275277777777774,205.26971547551767,49.303943698439845,0.02990268277605379,,,,24.7407631846651,,,,-3.4835327307324073,,,,1.478896
HD 234063,Bader,2024-03-06T21:36:42.131,205.56694041666665,49.57883861111112,205.55594886695525,49.58289303706062,0.008199227132736719,,,,23.18747647175269,,,,-3.413133715705818,,,,1.478896
NVSS J134052+493231,Bader,2024-03-06T21:36:42.131,205.2195833333333,49.54222222222222,205.23113150751507,49.53991220790881,0.007841610436237172,,,,19.32979737278393,,,,-3.2155682537543813,,,,1.478896
NVSS J134138+491855,Bader,2024-03-06T21:36:42.131,205.40599166666667,49.31940555555556,205.4229627689603,49.31538183254944,0.01177194101150134,,,,5.920851642418683,,,,-1.930960447973484,,,,1.478896
SDSS J134038.43+492516.4,Bader,2024-03-06T21:36:42.131,205.16015416666664,49.42124166666667,205.1840694434205,49.44802983079053,0.030975553397975843,,,,31.28441702151811,,,,-3.738320166008258,,,,1.478896
SDSS J134041.67+491923.3,Bader,2024-03-06T21:36:42.131,205.17365249999995,49.323147222222225,205.1921919437847,49.31500926176744,0.014569497629690136,,,,8.511286961016012,,,,-2.3249880828816822,,,,1.478896
SDSS J134056.73+492919.2,Bader,2024-03-06T21:36:42.131,205.23641666666663,49.488689722222226,205.22201356728874,49.48702112527834,0.009504008365903888,,,,32.653400218424025,,,,-3.784821028285888,,,,1.478896
SDSS J134057.37+492154.7,Bader,2024-03-06T21:36:42.131,205.23904999999996,49.36520277777778,205.2233321953265,49.373737824973496,0.013326826054536155,,,,63.39314669923601,,,,-4.5051057743737974,,,,1.478896
SDSS J134058.16+492418.5,Bader,2024-03-06T21:36:42.131,205.24235541666664,49.40516944444445,205.2369529434302,49.40809904655883,0.0045760255936954375,,,,29.262337313478454,,,,-3.665772530533168,,,,1.478896
SDSS J134100.38+492352.7,Bader,2024-03-06T21:36:42.131,205.25157791666663,49.397981944444446,205.267265720143,49.391449468413846,0.012121213060688814,,,,9.060346236499527,,,,-2.392861985838835,,,,1.478896
SDSS J134111.37+492627.6,Bader,2024-03-06T21:36:42.131,205.2973808333333,49.44103388888889,205.30535102153678,49.43709829150195,0.006507607087055848,,,,43.719561292344935,,,,-4.1016894883365635,,,,1.478896
SDSS J134117.55+491615.4,Bader,2024-03-06T21:36:42.131,205.32315999999997,49.27096805555556,205.32781319250404,49.29957550591241,0.028768019292831327,,,,12.622572062818222,,,,-2.7528696469521763,,,,1.478896
SDSS J134128.52+492438.1,Bader,2024-03-06T21:36:42.131,205.36885916666665,49.410598888888885,205.391565574729,49.40804139485078,0.014993668197521374,,,,53.69481558797125,,,,-4.324830887888071,,,,1.478896
SDSS J134132.29+492928.0,Bader,2024-03-06T21:36:42.131,205.38456249999996,49.49111388888889,205.37912953239365,49.489692481770916,0.0038046157738192074,,,,0.5168760012499263,,,,0.7165340795570097,,,,1.478896
SDSS J134137.20+492326.9,Bader,2024-03-06T21:36:42.131,205.40499999999997,49.39082222222222,205.41390633250475,49.39660804931412,0.008190124771211437,,,,7.600675326641593,,,,-2.202130453598023,,,,1.478896
SDSS J134144.69+492839.6,Bader,2024-03-06T21:36:42.131,205.43624166666666,49.47768333333334,205.4567268207818,49.477584661596005,0.013310488697636355,,,,9.985336599931642,,,,-2.4984067731742927,,,,1.478896
SDSS J134146.26+492015.1,Bader,2024-03-06T21:36:42.131,205.44277916666664,49.33754444444445,205.43970263809967,49.33647610762234,0.0022715930218852277,,,,10.529197044995101,,,,-2.5559881330387086,,,,1.478896
SDSS J134152.89+492147.3,Bader,2024-03-06T21:36:42.131,205.47039583333333,49.36316388888889,205.51538314294976,49.38162927130992,0.034627331993139034,,,,9.037372855393514,,,,-2.390105500904622,,,,1.478896
SDSS J134158.86+492502.5,Bader,2024-03-06T21:36:42.131,205.49524541666665,49.417382499999995,205.5075517194793,49.41971026245659,0.008337151969058019,,,,42.55496691440224,,,,-4.072375642991945,,,,1.478896
SDSS J134207.45+493136.6,Bader,2024-03-06T21:36:42.131,205.53107749999998,49.526853333333335,205.53888866439289,49.52027533816604,0.008305420693249103,,,,20.255618171752317,,,,-3.266363754380877,,,,1.478896
SDSSCGB 9701.1,Bader,2024-03-06T21:36:42.131,205.41194874999997,49.55240055555555,205.43149479585642,49.52525445145509,0.029963252313351982,,,,6.598975073967466,,,,-2.0486912198070986,,,,1.478896
SDSSCGB 9701.2,Bader,2024-03-06T21:36:42.131,205.4088333333333,49.551941666666664,205.40434850177473,49.55347189170741,0.0032873902111873235,,,,11.108172408463531,,,,-2.6141065293932613,,,,1.478896
SDSSCGB 9701.3,Bader,2024-03-06T21:36:42.131,205.41189999999997,49.55394166666667,205.4114229143894,49.55912845140466,0.0051960096604609365,,,,47.384851763857526,,,,-4.189098815850456,,,,1.478896
SDSSCGB 9701.4,Bader,2024-03-06T21:36:42.131,205.4149833333333,49.55384166666666,205.4584100748714,49.56111547944721,0.029094200379210317,,,,17.28851938903587,,,,-3.094394503325732,,,,1.478896
TYC 3466-548-1,Bader,2024-03-06T21:36:42.131,205.55743291666664,49.59937361111111,205.51508211919284,49.59973716981473,0.02745105214686266,,,,30.623800234270334,,,,-3.7151477077708517,,,,1.478896
[SPD2011] 26347,Bader,2024-03-06T21:36:42.131,205.45833333333331,49.361666666666665,205.44583561526605,49.358004425889376,0.008925751789434052,,,,8.767314325953151,,,,-2.3571664429228183,,,,1.478896
2MASS J13412857+4939085,Bader,2024-03-06T20:51:00.245,205.36893916666665,49.65231083333333,205.38305594997414,49.639896617279135,0.015416401148627046,,,,77.75977727157945,,,,-4.726887519910561,,,,1.690578
2MASX J13405250+4935405,Bader,2024-03-06T20:51:00.245,205.21874291666663,49.59460694444444,205.2505890635296,49.591354488263605,0.020897744677902497,,,,365.9436813354074,,,,-6.4085356317423585,,,,1.690578
2MASX J13410083+4929175,Bader,2024-03-06T20:51:00.245,205.25350041666664,49.488191944444445,205.26117713216158,49.49002182639044,0.005311875374709009,,,,9.265667054307698,,,,-2.417191726319357,,,,1.690578
2MASX J13415119+4939274,Bader,2024-03-06T20:51:00.245,205.46346291666663,49.657514722222224,205.46109508712578,49.64900539972572,0.008646301957290542,,,,25.3775316437698,,,,-3.511123444946123,,,,1.690578
Gaia DR3 1558384701027155840,Bader,2024-03-06T20:51:00.245,205.1221633333333,49.599985000000004,205.1329675755181,49.608428669064615,0.01096910723447204,,,,94.95708075882274,,,,-4.943818386869749,,,,1.690578
LEDA 2343422,Bader,2024-03-06T20:51:00.245,205.13619249999996,49.45396111111111,205.1252024433128,49.44344787517172,0.012711350669431772,,,,315.50173267816047,,,,-6.2475043716326155,,,,1.690578
NVSS J134023+493053,Bader,2024-03-06T20:51:00.245,205.09838749999997,49.51490555555556,205.12634326125215,49.5174884631184,0.01833267057386035,,,,55.226240480363174,,,,-4.355363699214097,,,,1.690578
NVSS J134052+493231,Bader,2024-03-06T20:51:00.245,205.2195833333333,49.54222222222222,205.252501767372,49.535698634952325,0.02233569150825213,,,,16.145569674075603,,,,-3.0201334327577993,,,,1.690578
NVSS J134138+491855,Bader,2024-03-06T20:51:00.245,205.40599166666667,49.31940555555556,205.35657263236612,49.33741317278304,0.036899820542515435,,,,22.96376348841264,,,,-3.402607663181185,,,,1.690578
NVSS J134157+493907,Bader,2024-03-06T20:51:00.245,205.48958333333331,49.651666666666664,205.46370544256453,49.628703759916824,0.02842763899337485,,,,205.18637836214583,,,,-5.7803713150941425,,,,1.690578
SDSS J134038.43+492516.4,Bader,2024-03-06T20:51:00.245,205.16015416666664,49.42124166666667,205.1728237357989,49.40656766595309,0.01683057640679734,,,,66.69836548710518,,,,-4.560287978021182,,,,1.690578
SDSS J134041.67+491923.3,Bader,2024-03-06T20:51:00.245,205.17365249999995,49.323147222222225,205.15034761695406,49.35456976684792,0.03489933039539387,,,,32.10328186806183,,,,-3.766373579792099,,,,1.690578
SDSS J134056.73+492919.2,Bader,2024-03-06T20:51:00.245,205.23641666666663,49.488689722222226,205.22566845851296,49.48935052815853,0.007013170060988091,,,,38.83904765214302,,,,-3.9731714307617834,,,,1.690578
SDSS J134057.37+492154.7,Bader,2024-03-06T20:51:00.245,205.23904999999996,49.36520277777778,205.2240220841789,49.343437344288326,0.02386537542337192,,,,34.18656136553324,,,,-3.8346385493681288,,,,1.690578
SDSS J134058.16+492418.5,Bader,2024-03-06T20:51:00.245,205.24235541666664,49.40516944444445,205.20676991918577,49.424768986163485,0.030333377377480816,,,,281.7186135827793,,,,-6.124538856097996,,,,1.690578
SDSS J134100.38+492352.7,Bader,2024-03-06T20:51:00.245,205.25157791666663,49.397981944444446,205.2402381644204,49.384685663327005,0.015207533627162038,,,,39.80237606561232,,,,-3.999772496853984,,,,1.690578
SDSS J134111.37+492627.6,Bader,2024-03-06T20:51:00.245,205.2973808333333,49.44103388888889,205.29770589247286,49.435515063835254,0.005522871485257597,,,,77.12652567784954,,,,-4.718009420299117,,,,1.690578
SDSS J134128.52+492438.1,Bader,2024-03-06T20:51:00.245,205.36885916666665,49.410598888888885,205.37856757025253,49.40467044028642,0.008663194958080466,,,,44.418134875880355,,,,-4.118900796262831,,,,1.690578
SDSS J134132.29+492928.0,Bader,2024-03-06T20:51:00.245,205.38456249999996,49.49111388888889,205.37621787920455,49.48337265868725,0.009450493598885706,,,,10.003168892197522,,,,-2.500344003596145,,,,1.690578
SDSS J134137.20+492326.9,Bader,2024-03-06T20:51:00.245,205.40499999999997,49.39082222222222,205.36713800685348,49.36349108999787,0.03680578609738149,,,,2.322801866044756,,,,-0.9150304156399727,,,,1.690578
SDSS J134144.69+492839.6,Bader,2024-03-06T20:51:00.245,205.43624166666666,49.47768333333334,205.42340656220352,49.50446608796554,0.028050414255650823,,,,21.124871207298895,,,,-3.311985174630667,,,,1.690578
SDSS J134158.86+492502.5,Bader,2024-03-06T20:51:00.245,205.49524541666665,49.417382499999995,205.46494045719544,49.41450951141899,0.019923513484698757,,,,10.226276809714733,,,,-2.5242938605970138,,,,1.690578
SDSS J134207.45+493136.6,Bader,2024-03-06T20:51:00.245,205.53107749999998,49.526853333333335,205.49207544987866,49.54770558448344,0.032793870012361157,,,,87.1847986936085,,,,-4.851101922796157,,,,1.690578
SDSSCGB 9701.2,Bader,2024-03-06T20:51:00.245,205.4088333333333,49.551941666666664,205.3787511465162,49.53980124086851,0.022986119186945635,,,,20.7397031968124,,,,-3.2920063424145085,,,,1.690578
SDSSCGB 9701.3,Bader,2024-03-06T20:51:00.245,205.41189999999997,49.55394166666667,205.4082229625992,49.59398019199546,0.0401094631265498,,,,20.849568031389623,,,,-3.297742653846716,,,,1.690578
SDSSCGB 9701.4,Bader,2024-03-06T20:51:00.245,205.4149833333333,49.55384166666666,205.4493636503583,49.534602161681505,0.029458571143799957,,,,14.645586062601609,,,,-2.914266888091382,,,,1.690578
[SPD2011] 26347,Bader,2024-03-06T20:51:00.245,205.45833333333331,49.361666666666665,205.44766048595076,49.35936701969649,0.007321714906992177,,,,29.206185947770393,,,,-3.663687114790188,,,,1.690578
2MASS J13412857+4939085,Bader,2024-03-06T20:50:10.490,205.36893916666665,49.65231083333333,205.38004498572948,49.63981437127033,0.014417818548880952,,,,,,,85.86675653869344,,,,-4.834562646301439,1.694747
2MASX J13402864+4934299,Bader,2024-03-06T20:50:10.490,205.1192933333333,49.57488444444445,205.12951965711426,49.56665676938837,0.01056769371267947,,,,,,,12.664789342677153,,,,-2.756494926083541,1.694747
2MASX J13405250+4935405,Bader,2024-03-06T20:50:10.490,205.21874291666663,49.59460694444444,205.24754169273015,49.5912987982975,0.01895861243806203,,,,,,,397.15848363081557,,,,-6.497409609676691,1.694747
2MASX J13410083+4929175,Bader,2024-03-06T20:50:10.490,205.25350041666664,49.488191944444445,205.27065909681465,49.47818147862647,0.01498252888006677,,,,,,,37.80703068827799,,,,-3.9439314245399975,1.694747
2MASX J13415119+4939274,Bader,2024-03-06T20:50:10.490,205.46346291666663,49.657514722222224,205.45818255815803,49.64892140143273,0.00924833908004144,,,,,,,18.1386536113138,,,,-3.1465126182107013,1.694747
Gaia DR3 1558384701027155840,Bader,2024-03-06T20:50:10.490,205.1221633333333,49.599985000000004,205.12994059830666,49.60840960785405,0.009817193780133475,,,,,,,117.4570425209968,,,,-5.174697653599595,1.694747
LEDA 2343422,Bader,2024-03-06T20:50:10.490,205.13619249999996,49.45396111111111,205.12213248496118,49.44338343115723,0.01398005591073235,,,,,,,297.125513126466,,,,-6.182349861874671,1.694747
NVSS J134023+493053,Bader,2024-03-06T20:50:10.490,205.09838749999997,49.51490555555556,205.12325081081346,49.517395228037934,0.016332967285751676,,,,,,,70.26489312557177,,,,-4.616845975063327,1.694747
NVSS J134052+493231,Bader,2024-03-06T20:50:10.490,205.2195833333333,49.54222222222222,205.22859016574552,49.55702677564278,0.01591608338004046,,,,,,,11.191223180223346,,,,-2.622193891787721,1.694747
NVSS J134138+491855,Bader,2024-03-06T20:50:10.490,205.40599166666667,49.31940555555556,205.35357167058513,49.3374076331375,0.03861612312533914,,,,,,,32.34827120910683,,,,-3.774627688987257,1.694747
NVSS J134157+493907,Bader,2024-03-06T20:50:10.490,205.48958333333331,49.651666666666664,205.4803448132191,49.6110379627942,0.04106698976887491,,,,,,,241.91663447658686,,,,-5.959164329989144,1.694747
SDSS J134038.43+492516.4,Bader,2024-03-06T20:50:10.490,205.16015416666664,49.42124166666667,205.16968495253832,49.40652912166325,0.015965802948530027,,,,,,,59.59122612341929,,,,-4.437955803432619,1.694747
SDSS J134041.67+491923.3,Bader,2024-03-06T20:50:10.490,205.17365249999995,49.323147222222225,205.1472400113453,49.35458425120071,0.035839493409011665,,,,,,,40.9383776633793,,,,-4.030326570303111,1.694747
SDSS J134056.73+492919.2,Bader,2024-03-06T20:50:10.490,205.23641666666663,49.488689722222226,205.22262671332604,49.48932850897223,0.00898061669648336,,,,,,,46.128287397874885,,,,-4.159918327206799,1.694747
SDSS J134057.37+492154.7,Bader,2024-03-06T20:50:10.490,205.23904999999996,49.36520277777778,205.22096248373524,49.34343419966343,0.024752426539052737,,,,,,,24.84649880130999,,,,-3.4881629989310303,1.694747
SDSS J134058.16+492418.5,Bader,2024-03-06T20:50:10.490,205.24235541666664,49.40516944444445,205.20158041062152,49.38714573980368,0.03207939240683516,,,,,,,7.671471023924283,,,,-2.2121966224923586,1.694747
SDSS J134100.38+492352.7,Bader,2024-03-06T20:50:10.490,205.25157791666663,49.397981944444446,205.23724883534817,49.384587424302204,0.016321752219735985,,,,,,,37.697454605570954,,,,-3.940780067286704,1.694747
SDSS J134111.37+492627.6,Bader,2024-03-06T20:50:10.490,205.2973808333333,49.44103388888889,205.2946548786237,49.43545535083707,0.005853391698790336,,,,,,,109.6803091201273,,,,-5.100321664468601,1.694747
SDSS J134128.52+492438.1,Bader,2024-03-06T20:50:10.490,205.36885916666665,49.410598888888885,205.37550096280003,49.404610888677624,0.007384627360309346,,,,,,,49.648085448398206,,,,-4.239756264242261,1.694747
SDSS J134132.29+492928.0,Bader,2024-03-06T20:50:10.490,205.38456249999996,49.49111388888889,205.4028159110959,49.48564286825115,0.013058765631542162,,,,,,,45.533719575489954,,,,-4.145832821417804,1.694747
SDSS J134137.20+492326.9,Bader,2024-03-06T20:50:10.490,205.40499999999997,49.39082222222222,205.36409901646311,49.36339149924856,0.03823069480007667,,,,,,,9.67363723140707,,,,-2.4639744924790934,1.694747
SDSS J134144.69+492839.6,Bader,2024-03-06T20:50:10.490,205.43624166666666,49.47768333333334,205.46382905121206,49.45733744503278,0.027117983452209303,,,,,,,17.648546079045076,,,,-3.1167723329701795,1.694747
SDSS J134158.86+492502.5,Bader,2024-03-06T20:50:10.490,205.49524541666665,49.417382499999995,205.4619820831229,49.414379328177205,0.02184731369654665,,,,,,,10.741144173903479,,,,-2.577626364941828,1.694747
SDSS J134207.45+493136.6,Bader,2024-03-06T20:50:10.490,205.53107749999998,49.526853333333335,205.48903381269866,49.54760957914988,0.0342820758125464,,,,,,,86.3638755870615,,,,-4.840830307763308,1.694747
SDSSCGB 9701.1,Bader,2024-03-06T20:50:10.490,205.41194874999997,49.55240055555555,205.44660249944155,49.523663126632314,0.03649060171095282,,,,,,,30.262047905564543,,,,-3.7022457860843887,1.694747
SDSSCGB 9701.2,Bader,2024-03-06T20:50:10.490,205.4088333333333,49.551941666666664,205.3756846619778,49.539684226326216,0.02475573793613455,,,,,,,20.768737256809573,,,,-3.2935252303759266,1.694747
SDSSCGB 9701.3,Bader,2024-03-06T20:50:10.490,205.41189999999997,49.55394166666667,205.40502060954478,49.593808669739815,0.04011581944554379,,,,,,,18.388061602095377,,,,-3.1613398750414055,1.694747
SDSSCGB 9701.4,Bader,2024-03-06T20:50:10.490,205.4149833333333,49.55384166666666,205.43749479239003,49.57112082481006,0.022622304078217022,,,,,,,8.584114354113666,,,,-2.3342387362314527,1.694747
[SPD2011] 26347,Bader,2024-03-06T20:50:10.490,205.45833333333331,49.361666666666665,205.4442215686291,49.35929501547786,0.009492022380440937,,,,,,,30.713536766403507,,,,-3.7183245744593307,1.694747
2MASS J13412857+4939085,ZWO,2024-03-06T22:09:59.278,205.36893916666665,49.65231083333333,205.35962284856552,49.619818883904834,0.03304741129674347,,,,,,10.171142872940536,,,,-2.518424387106497,,1.349777
2MASS J13421665+4921143,ZWO,2024-03-06T22:09:59.278,205.56930916666664,49.35399638888889,205.55254647026575,49.34354948687856,0.015112460629798099,,,,,,19.6421496038014,,,,-3.2329725362729085,,1.349777
2MASX J13405250+4935405,ZWO,2024-03-06T22:09:59.278,205.21874291666663,49.59460694444444,205.21984045640107,49.58544459442833,0.009189932841816326,,,,,,0.6603772965254961,,,,0.45051966500397833,,1.349777
2MASX J13410083+4929175,ZWO,2024-03-06T22:09:59.278,205.25350041666664,49.488191944444445,205.26543648058808,49.50462282328023,0.018167934166593024,,,,,,3.5500551101391125,,,,-1.3755877374571293,,1.349777
2MASX J13420222+4919364,ZWO,2024-03-06T22:09:59.278,205.50910749999997,49.327020000000005,205.5029145117359,49.321544466784886,0.006802526959108958,,,,,,4.70819838641944,,,,-1.6821368853817775,,1.349777
HD 234063,ZWO,2024-03-06T22:09:59.278,205.56694041666665,49.57883861111112,205.56581019777485,49.585994762841,0.007193571869849537,,,10.71,,,16.479121914843418,,,,-3.0423351668102123,,1.349777
NVSS J134052+493231,ZWO,2024-03-06T22:09:59.278,205.2195833333333,49.54222222222222,205.20771077223685,49.532653912189076,0.012284751807446528,,,,,,3.9215491286892643,,,,-1.4836441504212474,,1.349777
NVSS J134138+491855,ZWO,2024-03-06T22:09:59.278,205.40599166666667,49.31940555555556,205.39378105229028,49.3210382425885,0.008124985987543356,,,,,,3.33186317127452,,,,-1.3067178951167377,,1.349777
SDSS J134038.43+492516.4,ZWO,2024-03-06T22:09:59.278,205.16015416666664,49.42124166666667,205.19106359620153,49.40491054362455,0.025905708347403744,,,,,,12.593650151847605,,,,-2.750379061379606,,1.349777
SDSS J134041.67+491923.3,ZWO,2024-03-06T22:09:59.278,205.17365249999995,49.323147222222225,205.23008668119223,49.319842457992536,0.03693273841013823,,,,,,4.4862396625426015,,,,-1.629706176538876,,1.349777
SDSS J134056.73+492919.2,ZWO,2024-03-06T22:09:59.278,205.23641666666663,49.488689722222226,205.24274303291838,49.49659021487828,0.008905270114043167,,,,,,12.71925159708968,,,,-2.7611538952589094,,1.349777
SDSS J134057.37+492154.7,ZWO,2024-03-06T22:09:59.278,205.23904999999996,49.36520277777778,205.23135303821897,49.357527287886704,0.009167472408044804,,,,,,12.471075191241155,,,,-2.739759744260403,,1.349777
SDSS J134058.16+492418.5,ZWO,2024-03-06T22:09:59.278,205.24235541666664,49.40516944444445,205.25773490511418,49.417718034245915,0.016049672387444765,,,,,,18.915551030459753,,,,-3.1920474932025344,,1.349777
SDSS J134100.38+492352.7,ZWO,2024-03-06T22:09:59.278,205.25157791666663,49.397981944444446,205.2643704524432,49.390948301757724,0.010899277506929173,,,,,,2.617722889559019,,,,-1.0448091762920688,,1.349777
SDSS J134111.37+492627.6,ZWO,2024-03-06T22:09:59.278,205.2973808333333,49.44103388888889,205.3260866638474,49.44671913503585,0.01951099150116712,,,,,,31.453116055210515,,,,-3.744159193495042,,1.349777
SDSS J134117.55+491615.4,ZWO,2024-03-06T22:09:59.278,205.32315999999997,49.27096805555556,205.32230976208734,49.31094996891246,0.03998575884953904,,,,,,7.316549918141959,,,,-2.1607658499384796,,1.349777
SDSS J134128.52+492438.1,ZWO,2024-03-06T22:09:59.278,205.36885916666665,49.410598888888885,205.36697829619357,49.4041716718842,0.0065426980426721544,,,,,,3.2027798293711527,,,,-1.263817711804962,,1.349777
SDSS J134132.29+492928.0,ZWO,2024-03-06T22:09:59.278,205.38456249999996,49.49111388888889,205.37665363529467,49.48609106214965,0.007184959974064668,,,,,,2.927669861006237,,,,-1.1663052547133752,,1.349777
SDSS J134137.20+492326.9,ZWO,2024-03-06T22:09:59.278,205.40499999999997,49.39082222222222,205.39649842542485,49.39336179097416,0.006088430988653934,,,,,,3.4942249239024648,,,,-1.358377142906403,,1.349777
SDSS J134144.69+492839.6,ZWO,2024-03-06T22:09:59.278,205.43624166666666,49.47768333333334,205.440965350854,49.468737419572136,0.009457853781525628,,,,,,4.789512977651228,,,,-1.7007283858996436,,1.349777
SDSS J134146.26+492015.1,ZWO,2024-03-06T22:09:59.278,205.44277916666664,49.33754444444445,205.43346210810364,49.33238233642156,0.00796921430980427,,,,,,0.26383752696295915,,,,1.4466585811683685,,1.349777
SDSS J134152.04+492106.1,ZWO,2024-03-06T22:09:59.278,205.46687083333333,49.35169722222222,205.46040206286162,49.34607798550955,0.007023842685419427,,,,,,7.2339380580930595,,,,-2.1484369642905867,,1.349777
SDSS J134152.89+492147.3,ZWO,2024-03-06T22:09:59.278,205.47039583333333,49.36316388888889,205.46631513167193,49.36781692287326,0.005358444837875843,,,,,,5.960901638666442,,,,-1.9382798888981196,,1.349777
SDSS J134158.86+492502.5,ZWO,2024-03-06T22:09:59.278,205.49524541666665,49.417382499999995,205.4693522634267,49.42169766309707,0.01738784877004243,,,,,,2.452415920049077,,,,-0.9739853168020598,,1.349777
SDSS J134207.45+493136.6,ZWO,2024-03-06T22:09:59.278,205.53107749999998,49.526853333333335,205.51544697681692,49.534593254664905,0.012760255463151939,,,,,,8.344926766377824,,,,-2.3035563243483623,,1.349777
SDSSCGB 9701.1,ZWO,2024-03-06T22:09:59.278,205.41194874999997,49.55240055555555,205.41862475693293,49.54728205923384,0.0067051608348538,,,,,,25.338180951083714,,,,-3.5094385832683734,,1.349777
SDSSCGB 9701.3,ZWO,2024-03-06T22:09:59.278,205.41189999999997,49.55394166666667,205.41516854774525,49.583166098892946,0.029301209727401023,,,,,,0.4268130734705977,,,,0.9244057160360746,,1.349777
SDSSCGB 9701.4,ZWO,2024-03-06T22:09:59.278,205.4149833333333,49.55384166666666,205.43257297319383,49.56309000332028,0.01468732833380916,,,,,,2.5990641406371253,,,,-1.0370424932706608,,1.349777
TYC 3466-548-1,ZWO,2024-03-06T22:09:59.278,205.55743291666664,49.59937361111111,205.5019846969426,49.57894858211681,0.0413428422912312,,,12.26,,,7.085560285970558,,,,-2.125935493722108,,1.349777
[SPD2011] 26347,ZWO,2024-03-06T22:09:59.278,205.45833333333331,49.361666666666665,205.42687694451632,49.37123118723606,0.022607848729823347,,,,,,9.833493330611773,,,,-2.481769568918248,,1.349777
2MASS J13412857+4939085,ZWO,2024-03-06T20:41:25.533,205.36893916666665,49.65231083333333,205.38526496601057,49.63495297773543,0.0203237292418,,20.710285,,,74.75229196872704,,,,-4.684061282595213,,,1.741099
2MASX J13402864+4934299,ZWO,2024-03-06T20:41:25.533,205.1192933333333,49.57488444444445,205.12478758127426,49.56080482847709,0.014523516895971962,,20.771637,,,69.40733551244787,,,,-4.6035134313325035,,,1.741099
2MASX J13405250+4935405,ZWO,2024-03-06T20:41:25.533,205.21874291666663,49.59460694444444,205.1958978835109,49.60320991527346,0.017124486820305443,,22.0844,,,23.547174631018123,,,,-3.4298470115953927,,,1.741099
2MASX J13415119+4939274,ZWO,2024-03-06T20:41:25.533,205.46346291666663,49.657514722222224,205.46655478077284,49.62762277016626,0.02995892849931818,,20.816725,,,20.144407404494444,,,,-3.2603862402760613,,,1.741099
2MASX J13420222+4919364,ZWO,2024-03-06T20:41:25.533,205.50910749999997,49.327020000000005,205.46060344324002,49.32542490100696,0.031652801439542425,,21.210606,,,57.98375098654114,,,,-4.408265766425683,,,1.741099
Gaia DR3 1558384701027155840,ZWO,2024-03-06T20:41:25.533,205.1221633333333,49.599985000000004,205.13231593168828,49.63486491257691,0.03549471906320769,,20.85831,,,93.79206559842206,,,,-4.9304152512629305,,,1.741099
LEDA 2343422,ZWO,2024-03-06T20:41:25.533,205.13619249999996,49.45396111111111,205.11630788257781,49.44893684791627,0.013868895260353085,,19.855925,,,74.71636226356114,,,,-4.683539297799449,,,1.741099
NVSS J134052+493231,ZWO,2024-03-06T20:41:25.533,205.2195833333333,49.54222222222222,205.17387025791777,49.5148825132596,0.04034630529335275,,,,,22.02566583144423,,,,-3.3573226147932256,,,1.741099
NVSS J134138+491855,ZWO,2024-03-06T20:41:25.533,205.40599166666667,49.31940555555556,205.35877253372084,49.332536326159385,0.03345946271946921,,,,,22.97889944286848,,,,-3.403323061605757,,,1.741099
SDSS J134020.38+492951.3,ZWO,2024-03-06T20:41:25.533,205.08488666666662,49.49762944444444,205.128437185664,49.51256972261646,0.03198465967925138,,16.328222,,,54.10286894270925,,,,-4.333050738226298,,,1.741099
SDSS J134038.43+492516.4,ZWO,2024-03-06T20:41:25.533,205.16015416666664,49.42124166666667,205.1750428198752,49.40164988320188,0.02185575150484994,,,,,50.98991288504507,,,,-4.268710674967883,,,1.741099
SDSS J134041.67+491923.3,ZWO,2024-03-06T20:41:25.533,205.17365249999995,49.323147222222225,205.19144111840473,49.336233360264266,0.01748265584808103,,20.497759,,,12.115588896096057,,,,-2.7083613212785655,,,1.741099
SDSS J134056.73+492919.2,ZWO,2024-03-06T20:41:25.533,205.23641666666663,49.488689722222226,205.2279628213706,49.48446420386336,0.006929307538815984,,21.076496,,,36.49258132824292,,,,-3.9055114614372153,,,1.741099
SDSS J134057.37+492154.7,ZWO,2024-03-06T20:41:25.533,205.23904999999996,49.36520277777778,205.19162071351244,49.37473196303875,0.03232128743445532,,,,,101.85444943277818,,,,-5.019950013922088,,,1.741099
SDSS J134100.38+492352.7,ZWO,2024-03-06T20:41:25.533,205.25157791666663,49.397981944444446,205.24253084331542,49.37977350279174,0.019137055840145176,,17.568226,,,25.563410938801184,,,,-3.519047003710654,,,1.741099
SDSS J134111.37+492627.6,ZWO,2024-03-06T20:41:25.533,205.2973808333333,49.44103388888889,205.29985681301116,49.43059708655657,0.010560272531924621,,20.181826,,,79.1165486579932,,,,-4.745668333875429,,,1.741099
SDSS J134128.52+492438.1,ZWO,2024-03-06T20:41:25.533,205.36885916666665,49.410598888888885,205.3807205788412,49.39985171138343,0.013231540621443287,,19.158745,,,46.30080658024585,,,,-4.163971391707887,,,1.741099
SDSS J134132.29+492928.0,ZWO,2024-03-06T20:41:25.533,205.38456249999996,49.49111388888889,205.40798754187924,49.48076265903154,0.018404535381437593,,,,,33.16892424998093,,,,-3.8018284662668087,,,1.741099
SDSS J134144.69+492839.6,ZWO,2024-03-06T20:41:25.533,205.43624166666666,49.47768333333334,205.42545402837916,49.49960495129917,0.023014436722144555,,,,,16.813420434144803,,,,-3.064140182552553,,,1.741099
SDSS J134158.86+492502.5,ZWO,2024-03-06T20:41:25.533,205.49524541666665,49.417382499999995,205.4592837915585,49.44776172866649,0.038338839814001574,,20.726591,,,37.46001505832666,,,,-3.933919869046716,,,1.741099
SDSS J134207.45+493136.6,ZWO,2024-03-06T20:41:25.533,205.53107749999998,49.526853333333335,205.4833946860038,49.5137914841816,0.033597649940699956,,20.846899,,,18.0428784584615,,,,-3.1407645590270157,,,1.741099
SDSSCGB 9701.1,ZWO,2024-03-06T20:41:25.533,205.41194874999997,49.55240055555555,205.38099117013027,49.53480955232012,0.02670108160431513,,20.940664,,,17.37222190305647,,,,-3.0996384204017167,,,1.741099
SDSSCGB 9701.2,ZWO,2024-03-06T20:41:25.533,205.4088333333333,49.551941666666664,205.34959903255904,49.56563515587288,0.040790520134815864,,,,,31.402083469913663,,,,-3.7423961591534867,,,1.741099
TYC 3466-548-1,ZWO,2024-03-06T20:41:25.533,205.55743291666664,49.59937361111111,205.49714574522903,49.60432600094285,0.039384441567246777,,10.993081,,,17.453583893303744,,,,-3.1047115446095552,,,1.741099
[SPD2011] 26347,ZWO,2024-03-06T20:41:25.533,205.45833333333331,49.361666666666665,205.45799560443237,49.369201027495755,0.007537570342763647,,,,,472.10512409012756,,,,-6.6850967854034415,,,1.741099
2MASS J13412857+4939085,ZWO,2024-03-06T20:40:24.823,205.36893916666665,49.65231083333333,205.3940245886857,49.64148251805557,0.019521228020261377,,,,63.53287066263894,,,,-4.507496197238572,,,,1.746648
2MASX J13405250+4935405,ZWO,2024-03-06T20:40:24.823,205.21874291666663,49.59460694444444,205.20419423984853,49.60974693191845,0.017835995405588022,,,,33.22317464230085,,,,-3.803602822828993,,,,1.746648
2MASX J13410083+4929175,ZWO,2024-03-06T20:40:24.823,205.25350041666664,49.488191944444445,205.26581649275937,49.47144177330197,0.018563389674352875,,,,38.7750328867814,,,,-3.971380437074302,,,,1.746648
Gaia DR3 1558384701027155840,ZWO,2024-03-06T20:40:24.823,205.1221633333333,49.599985000000004,205.14503968193623,49.60985185913923,0.017808400403935422,,,,12.068312566206004,,,,-2.7041163744112944,,,,1.746648
LEDA 2343422,ZWO,2024-03-06T20:40:24.823,205.13619249999996,49.45396111111111,205.1359927593853,49.444969237499635,0.008992811205745853,,,,256.0435679089913,,,,-6.020784675902323,,,,1.746648
NVSS J134023+493053,ZWO,2024-03-06T20:40:24.823,205.09838749999997,49.51490555555556,205.13749537353294,49.51898987999331,0.025716149043697144,,,,36.993034746429785,,,,-3.920299900981548,,,,1.746648
NVSS J134052+493231,ZWO,2024-03-06T20:40:24.823,205.2195833333333,49.54222222222222,205.21173426376492,49.51728006352632,0.025457117514775144,,,,57.423303783499136,,,,-4.397720438777528,,,,1.746648
NVSS J134138+491855,ZWO,2024-03-06T20:40:24.823,205.40599166666667,49.31940555555556,205.3671477226329,49.33894266445883,0.03197736130256298,,,,20.633199825015353,,,,-3.286416460454688,,,,1.746648
NVSS J134157+493907,ZWO,2024-03-06T20:40:24.823,205.48958333333331,49.651666666666664,205.47572174508122,49.63408847584508,0.01973734032393529,,,,25.834864931487402,,,,-3.5305154883288346,,,,1.746648
SDSS J134038.43+492516.4,ZWO,2024-03-06T20:40:24.823,205.16015416666664,49.42124166666667,205.183790742232,49.408060765083334,0.02025347335378952,,,,51.345100372106714,,,,-4.276247517940293,,,,1.746648
SDSS J134041.67+491923.3,ZWO,2024-03-06T20:40:24.823,205.17365249999995,49.323147222222225,205.1999237027745,49.3427595618469,0.026033374386237738,,,,22.919013790388078,,,,-3.400489814803896,,,,1.746648
SDSS J134056.73+492919.2,ZWO,2024-03-06T20:40:24.823,205.23641666666663,49.488689722222226,205.23651277097557,49.49093079341311,0.0022419405225721626,,,,32.691711849528474,,,,-3.786094155790095,,,,1.746648
SDSS J134057.37+492154.7,ZWO,2024-03-06T20:40:24.823,205.23904999999996,49.36520277777778,205.23490946221983,49.34500991098826,0.02037218135747793,,,,30.730538978545155,,,,-3.7189254433805568,,,,1.746648
SDSS J134058.16+492418.5,ZWO,2024-03-06T20:40:24.823,205.24235541666664,49.40516944444445,205.21760565657272,49.42629328508118,0.02656068440377144,,,,225.73501728655737,,,,-5.883997336271069,,,,1.746648
SDSS J134100.38+492352.7,ZWO,2024-03-06T20:40:24.823,205.25157791666663,49.397981944444446,205.25111248366406,49.38621542248636,0.011770421060969396,,,,31.06045418857822,,,,-3.7305195050228077,,,,1.746648
SDSS J134111.37+492627.6,ZWO,2024-03-06T20:40:24.823,205.2973808333333,49.44103388888889,205.30860497960498,49.43706256220019,0.008309069534753563,,,,60.425683743109886,,,,-4.453053933350011,,,,1.746648
SDSS J134128.52+492438.1,ZWO,2024-03-06T20:40:24.823,205.36885916666665,49.410598888888885,205.3895822458256,49.406228093141884,0.01417444753302926,,,,34.296871739734996,,,,-3.838136273275415,,,,1.746648
SDSS J134132.29+492928.0,ZWO,2024-03-06T20:40:24.823,205.38456249999996,49.49111388888889,205.37206239931967,49.4851831693004,0.010055345690709747,,,,74.06564780631629,,,,-4.6740420642335065,,,,1.746648
SDSS J134137.20+492326.9,ZWO,2024-03-06T20:40:24.823,205.40499999999997,49.39082222222222,205.38353962542533,49.360334755184475,0.03353691739343617,,,,3.560751476168008,,,,-1.3788541575109914,,,,1.746648
SDSS J134144.69+492839.6,ZWO,2024-03-06T20:40:24.823,205.43624166666666,49.47768333333334,205.41693552073576,49.48722065836487,0.01575700673236932,,,,34.051819810258465,,,,-3.830350816498246,,,,1.746648
SDSS J134146.26+492015.1,ZWO,2024-03-06T20:40:24.823,205.44277916666664,49.33754444444445,205.46928756000668,49.331762126456105,0.018216026191226607,,,,40.554302557575184,,,,-4.020092342291939,,,,1.746648
SDSS J134152.89+492147.3,ZWO,2024-03-06T20:40:24.823,205.47039583333333,49.36316388888889,205.46664751070088,49.37559611712865,0.012669568318176543,,,,468.171916376377,,,,-6.676013396700458,,,,1.746648
SDSS J134158.86+492502.5,ZWO,2024-03-06T20:40:24.823,205.49524541666665,49.417382499999995,205.49379841722234,49.40764894294927,0.009778978634512872,,,,35.1183888813123,,,,-3.863836459143996,,,,1.746648
SDSS J134207.45+493136.6,ZWO,2024-03-06T20:40:24.823,205.53107749999998,49.526853333333335,205.49242085913474,49.52037411737736,0.02591634806647688,,,,21.08361405488708,,,,-3.3098626441457917,,,,1.746648
SDSSCGB 9701.2,ZWO,2024-03-06T20:40:24.823,205.4088333333333,49.551941666666664,205.35821456140025,49.572046247614146,0.038499006008820134,,,,26.939984920827,,,,-3.575993370746235,,,,1.746648
SDSSCGB 9701.4,ZWO,2024-03-06T20:40:24.823,205.4149833333333,49.55384166666666,205.45689826832248,49.58424803450935,0.0407856649021325,,,,50.471340755313534,,,,-4.257612104458551,,,,1.746648
TYC 3466-548-1,ZWO,2024-03-06T20:40:24.823,205.55743291666664,49.59937361111111,205.51336344073715,49.610488924841995,0.030646213383543335,,,,17.273251840820848,,,,-3.093435262503093,,,,1.746648
[SPD2011] 26347,ZWO,2024-03-06T20:40:24.823,205.45833333333331,49.361666666666665,205.4579954436408,49.36085814195611,0.0008379379839110761,,,,29.71328628536577,,,,-3.6823767184247167,,,,1.746648
