Object,Type,Date,RA_result (degree),DEC_result (degree),RA_input (degree),DEC_input (degree),Angular Separation (degree),Apparent magnitude R (known),Apparent magnitude G (known),Apparent magnitude B (known),Apparent magnitude V (known),"flux R (measured, W/m^2)","flux G (measured, W/m^2)","flux B (measured, W/m^2)","flux V (measured, W/m^2)",Apparent magnitude R (instrumental),Apparent magnitude G (instrumental),Apparent magnitude B (instrumental),Apparent magnitude V (instrumental),Airmass,"Corrected magnitude R (instrumental, Bader)","Corrected magnitude V (instrumental, Bader)","Corrected magnitude B (instrumental, Bader)","Corrected magnitude R (instrumental, ZWO)","Corrected magnitude G (instrumental, ZWO)","Corrected magnitude B (instrumental, ZWO)"
Gaia DR3 1582294985825349120,Bader,2024-03-05 23:03:19.670,180.4902725,60.74276416666667,180.4356208731828,60.74577501750189,0.0268778834230946,,17.232594,,,,,,,,,-4.283252887248756,,1.067448,,,-2.4800249420307967,,,
LEDA 2607793,Bader,2024-03-05 23:03:19.670,180.6476420833333,60.84814472222222,180.63654378083015,60.85066591435504,0.0059650545520857,,19.61422,,,,,,,,,-4.484056406249882,,1.067448,,,-2.680828461031923,,,
SDSS J120123.28+605818.8,Bader,2024-03-05 23:03:19.670,180.34712,60.97181722222222,180.31066064289348,60.99035840238782,0.0256238769364241,,20.128153,,,,,,,,,-4.700633495704993,,1.067448,,,-2.8974055504870337,,,
SDSS J120200.28+605129.5,Bader,2024-03-05 23:03:19.670,180.50115875,60.85819611111111,180.4791838485547,60.85149721152129,0.0126259451655878,,21.862967,,,,,,,,,-4.766115279401639,,1.067448,,,-2.9628873341836792,,,
SDSS J120202.61+605825.1,Bader,2024-03-05 23:03:19.670,180.51094166666664,60.973552777777776,180.47532184762625,60.96083462518434,0.0214611325244496,,19.831186,,,,,,,,,-6.253760347587665,,1.067448,,,-4.4505324023697055,,,
SDSS J120241.19+604322.6,Bader,2024-03-05 23:03:19.670,180.6716775,60.72295888888889,180.6436001624063,60.74165423594856,0.0231935247226015,,19.88113,21.6,20.46,,,,,,,-4.463495920331947,,1.067448,,,-2.660267975113987,,,
SDSS J120249.78+604546.7,Bader,2024-03-05 23:03:19.670,180.70744166666665,60.76299722222223,180.7209687958461,60.76404045957597,0.0066887153446246,,,,,,,,,,,-6.150195159364593,,1.067448,,,-4.346967214146633,,,
SDSS J120252.42+605306.3,Bader,2024-03-05 23:03:19.670,180.71842291666664,60.885082777777775,180.72651278909328,60.883012871760776,0.0044474075301433,,20.805779,,,,,,,,,-4.505548273728667,,1.067448,,,-2.702320328510708,,,
TYC 4154-593-1,Bader,2024-03-05 23:03:19.670,180.6188483333333,60.85004083333334,180.6291700231202,60.884545773375,0.0348689117357427,,12.370372,13.09,12.3,,,,,,,-4.232401651038488,,1.067448,,,-2.4291737058205287,,,
TYC 4154-670-1,Bader,2024-03-05 23:03:19.670,180.52546166666664,60.79639888888889,180.56179624997583,60.784956294680846,0.0211029212066827,,11.886413,12.73,12.22,,,,,,,-3.687232845368468,,1.067448,,,-1.8840049001505086,,,
BD+61  1277,Bader,2024-03-05 21:36:55.359,180.7205875,60.79778888888889,180.71763951101187,60.80679645363363,0.0091216423819688,,9.767136,11.42,10.13,,,,,,,-3.4235206302568484,,1.163008,,,,,,
GALEX J120158.4+610016,Bader,2024-03-05 21:36:55.359,180.493535,61.00461611111111,180.44054033427892,60.98321831562082,0.0334397054627183,,19.960655,,,,,,,,,-1.7110672382555778,,1.163008,,,,,,
Gaia DR3 1582294749603370624,Bader,2024-03-05 21:36:55.359,180.50535291666665,60.722285,180.49941859691103,60.717860179628765,0.0052917488133843,,20.176197,,,,,,,,,-3.08296395048968,,1.163008,,,,,,
Gaia DR3 1582294985825349120,Bader,2024-03-05 21:36:55.359,180.4902725,60.74276416666667,180.4810704549815,60.74547295124399,0.0052499305836702,,17.232594,,,,,,,,,-3.207027173675133,,1.163008,,,,,,
Gaia DR3 1582386627543700224,Bader,2024-03-05 21:36:55.359,180.77453791666667,60.93674666666666,180.7177795747156,60.92007998695452,0.0322238876736656,,20.280472,,,,,,,,,-4.114192889575078,,1.163008,,,,,,
Gaia DR3 1582387447881389056,Bader,2024-03-05 21:36:55.359,180.70064,60.96863527777778,180.70287231387715,60.98005535845097,0.0114713292341937,,20.324024,,,,,,,,,-2.5920134626053355,,1.163008,,,,,,
LEDA 2607793,Bader,2024-03-05 21:36:55.359,180.6476420833333,60.84814472222222,180.6586385911833,60.84721963336271,0.00543605473188,,19.61422,,,,,,,,,-2.4945031477579422,,1.163008,,,,,,
SDSS J120123.28+605818.8,Bader,2024-03-05 21:36:55.359,180.34712,60.97181722222222,180.31516127145397,60.9669833754378,0.0162446827648566,,20.128153,,,,,,,,,-2.09198731922287,,1.163008,,,,,,
SDSS J120149.26+603843.2,Bader,2024-03-05 21:36:55.359,180.45534125,60.64525722222222,180.4590276531652,60.68654173365263,0.041323993330716,,20.923674,,,,,,,,,-2.7004298093463586,,1.163008,,,,,,
SDSS J120200.28+605129.5,Bader,2024-03-05 21:36:55.359,180.50115875,60.85819611111111,180.49130034889103,60.84910643530075,0.0102798922308377,,21.862967,,,,,,,,,-0.5300181112611726,,1.163008,,,,,,
SDSS J120202.61+605825.1,Bader,2024-03-05 21:36:55.359,180.51094166666664,60.973552777777776,180.54196055155816,60.96050381886336,0.0199222017046926,,19.831186,,,,,,,,,-3.478566091824644,,1.163008,,,,,,
SDSS J120241.19+604322.6,Bader,2024-03-05 21:36:55.359,180.6716775,60.72295888888889,180.6642249319497,60.72493262481317,0.0041445835413204,,19.88113,21.6,20.46,,,,,,,-2.3460311198545933,,1.163008,,,,,,
SDSS J120249.78+604546.7,Bader,2024-03-05 21:36:55.359,180.70744166666665,60.76299722222223,180.7209667838152,60.7730825525022,0.0120556694976349,,,,,,,,,,,-3.1738160135631306,,1.163008,,,,,,
SDSS J120251.27+605127.9,Bader,2024-03-05 21:36:55.359,180.71366625,60.85774333333333,180.7250479562824,60.83961939878273,0.0189529814754463,,16.586504,,,,,,,,,-4.483521579790243,,1.163008,,,,,,
SDSS J120252.42+605306.3,Bader,2024-03-05 21:36:55.359,180.71842291666664,60.885082777777775,180.70909729916437,60.87654451553251,0.0096693499710005,,20.805779,,,,,,,,,-4.306458689952459,,1.163008,,,,,,
SDSS J120252.53+604350.7,Bader,2024-03-05 21:36:55.359,180.71896791666663,60.73065,180.69240755464904,60.738088112138456,0.0149638564459142,,20.05006,,,,,,,,,-2.6196122231025063,,1.163008,,,,,,
TYC 4154-593-1,Bader,2024-03-05 21:36:55.359,180.6188483333333,60.85004083333334,180.6278845596034,60.841143196604456,0.0099270694023456,,12.370372,13.09,12.3,,,,,,,-4.050203214643789,,1.163008,,,,,,
TYC 4154-670-1,Bader,2024-03-05 21:36:55.359,180.52546166666664,60.79639888888889,180.5342870773666,60.78861594798413,0.0088949821574146,,11.886413,12.73,12.22,,,,,,,-3.815801932089773,,1.163008,,,,,,
BD+61  1277,Bader,2024-03-05 21:03:24.874,180.7205875,60.79778888888889,180.7396577083338,60.79777054302871,0.009304248469487,,9.767136,11.42,10.13,,,,,,,-5.898844427827607,,1.221698,,,-4.213449358941276,,,
GALEX J120158.4+610016,Bader,2024-03-05 21:03:24.874,180.493535,61.00461611111111,180.4602618566913,60.9885668199352,0.0227563014585478,,19.960655,,,,,,,,,-3.7368969418169886,,1.221698,,,-2.0515018729306576,,,
Gaia DR3 1582294985825349120,Bader,2024-03-05 21:03:24.874,180.4902725,60.74276416666667,180.4674457532656,60.735002482998354,0.013591669380624,,17.232594,,,,,,,,,-3.0686209912752367,,1.221698,,,-1.3832259223889054,,,
Gaia DR3 1582307767648078592,Bader,2024-03-05 21:03:24.874,180.2604670833333,60.976418888888894,180.2988627469741,60.985530058653936,0.0207347891273793,,21.038603,,,,,,,,,-4.601054773426645,,1.221698,,,-2.915659704540314,,,
Gaia DR3 1582387447881389056,Bader,2024-03-05 21:03:24.874,180.70064,60.96863527777778,180.6911906931784,60.97475318547327,0.0076454449088349,,20.324024,,,,,,,,,-3.4079760734444204,,1.221698,,,-1.7225810045580892,,,
LEDA 2607793,Bader,2024-03-05 21:03:24.874,180.6476420833333,60.84814472222222,180.66119427120228,60.84536835941588,0.007161941128397,,19.61422,,,,,,,,,-4.950392571075209,,1.221698,,,-3.264997502188878,,,
SDSS J120123.28+605818.8,Bader,2024-03-05 21:03:24.874,180.34712,60.97181722222222,180.3155587238433,60.98378815135625,0.0194359851204799,,20.128153,,,,,,,,,-4.306585505415407,,1.221698,,,-2.6211904365290764,,,
SDSS J120200.28+605129.5,Bader,2024-03-05 21:03:24.874,180.50115875,60.85819611111111,180.4671221253241,60.84661434472925,0.0202228713474499,,21.862967,,,,,,,,,-4.729208742319523,,1.221698,,,-3.043813673433192,,,
SDSS J120202.61+605825.1,Bader,2024-03-05 21:03:24.874,180.51094166666664,60.973552777777776,180.556633413344,60.972007403978,0.0222245743246233,,19.831186,,,,,,,,,-4.018956275819174,,1.221698,,,-2.333561206932843,,,
SDSS J120241.19+604322.6,Bader,2024-03-05 21:03:24.874,180.6716775,60.72295888888889,180.63150940809624,60.73672671290132,0.0239844845501224,,19.88113,21.6,20.46,,,,,,,-4.61244543451838,,1.221698,,,-2.9270503656320486,,,
SDSS J120249.78+604546.7,Bader,2024-03-05 21:03:24.874,180.70744166666665,60.76299722222223,180.7088310846925,60.75911669627735,0.0039394248397527,,,,,,,,,,,-6.090842155950735,,1.221698,,,-4.405447087064404,,,
SDSS J120251.27+605127.9,Bader,2024-03-05 21:03:24.874,180.71366625,60.85774333333333,180.71356684222755,60.86673618043687,0.0089929773631272,,16.586504,,,,,,,,,-5.944261551642926,,1.221698,,,-4.258866482756595,,,
SDSS J120252.42+605306.3,Bader,2024-03-05 21:03:24.874,180.71842291666664,60.885082777777775,180.71453350949997,60.87809315293915,0.0072413377887122,,20.805779,,,,,,,,,-4.496644321337911,,1.221698,,,-2.8112492524515797,,,
SDSS J120252.53+604350.7,Bader,2024-03-05 21:03:24.874,180.71896791666663,60.73065,180.73544010473557,60.72815029109459,0.0084328337108723,,20.05006,,,,,,,,,-6.224749308679761,,1.221698,,,-4.53935423979343,,,
TYC 4154-593-1,Bader,2024-03-05 21:03:24.874,180.6188483333333,60.85004083333334,180.62451897706552,60.84575738938393,0.0050969019564341,,12.370372,13.09,12.3,,,,,,,-4.336723031895884,,1.221698,,,-2.651327963009553,,,
TYC 4154-670-1,Bader,2024-03-05 21:03:24.874,180.52546166666664,60.79639888888889,180.53606612665584,60.78897630334418,0.0090483137238727,,11.886413,12.73,12.22,,,,,,,-3.781926648131821,,1.221698,,,-2.0965315792454895,,,
BD+61  1277,Bader,2024-03-05 22:33:20.976,180.7205875,60.79778888888889,180.712253285906,60.81196503809278,0.0147475398308361,,9.767136,11.42,10.13,,,,,,,-3.39449169427618,,1.087934,,,-3.7167957754425105,,,
GALEX J120158.4+610016,Bader,2024-03-05 22:33:20.976,180.493535,61.00461611111111,180.46036561087087,60.99421383758767,0.0191522894040309,,19.960655,,,,,,,,,-1.7647663822989437,,1.087934,,,-2.0870704634652744,,,
Gaia DR3 1582294749603370624,Bader,2024-03-05 22:33:20.976,180.50535291666665,60.722285,180.4939672319365,60.72301705607427,0.0056159458635525,,20.176197,,,,,,,,,-3.023479172164092,,1.087934,,,-3.3457832533304224,,,
Gaia DR3 1582294985825349120,Bader,2024-03-05 22:33:20.976,180.4902725,60.74276416666667,180.47558306022088,60.75064032963421,0.0106565508465858,,17.232594,,,,,,,,,-3.180382567066495,,1.087934,,,-3.5026866482328254,,,
Gaia DR3 1582387447881389056,Bader,2024-03-05 22:33:20.976,180.70064,60.96863527777778,180.704190066309,60.969328728454,0.0018571130201523,,20.324024,,,,,,,,,-2.638273744453598,,1.087934,,,-2.9605778256199287,,,
LEDA 2607793,Bader,2024-03-05 22:33:20.976,180.6476420833333,60.84814472222222,180.65320372121695,60.852366069006514,0.0050158412157174,,19.61422,,,,,,,,,-2.459013261492856,,1.087934,,,-2.781317342659187,,,
SDSS J120123.28+605818.8,Bader,2024-03-05 22:33:20.976,180.34712,60.97181722222222,180.3078262923368,60.989016331628896,0.0256740767538811,,20.128153,,,,,,,,,-2.2092901619244625,,1.087934,,,-2.531594243090793,,,
SDSS J120200.28+605129.5,Bader,2024-03-05 22:33:20.976,180.50115875,60.85819611111111,180.49018527379485,60.86093441241416,0.0060043213228942,,21.862967,,,,,,,,,-1.9418281965567308,,1.087934,,,-2.2641322777230615,,,
SDSS J120202.61+605825.1,Bader,2024-03-05 22:33:20.976,180.51094166666664,60.973552777777776,180.53652066181104,60.96569196437039,0.0146925167821662,,19.831186,,,,,,,,,-3.4480926587316763,,1.087934,,,-3.7703967398980067,,,
SDSS J120241.19+604322.6,Bader,2024-03-05 22:33:20.976,180.6716775,60.72295888888889,180.65875754038865,60.73007256081361,0.0095140016636373,,19.88113,21.6,20.46,,,,,,,-2.210299931745849,,1.087934,,,-2.53260401291218,,,
SDSS J120249.78+604546.7,Bader,2024-03-05 22:33:20.976,180.70744166666665,60.76299722222223,180.7154943235704,60.778260553241466,0.0157617013199449,,,,,,,,,,,-3.160729984625404,,1.087934,,,-3.4830340657917347,,,
SDSS J120252.42+605306.3,Bader,2024-03-05 22:33:20.976,180.71842291666664,60.885082777777775,180.6997759854065,60.92201219325533,0.0380263597816645,,20.805779,,,,,,,,,-2.155798374376249,,1.087934,,,-2.4781024555425795,,,
SDSS J120252.53+604350.7,Bader,2024-03-05 22:33:20.976,180.71896791666663,60.73065,180.71845584787937,60.72514029185684,0.0055153942728246,,20.05006,,,,,,,,,-1.5988969168531495,,1.087934,,,-1.9212009980194802,,,
TYC 4154-593-1,Bader,2024-03-05 22:33:20.976,180.6188483333333,60.85004083333334,180.5945927023291,60.833767900915525,0.0201114400308513,,12.370372,13.09,12.3,,,,,,,-3.068719529282829,,1.087934,,,-3.3910236104491593,,,
TYC 4154-670-1,Bader,2024-03-05 22:33:20.976,180.52546166666664,60.79639888888889,180.5058981567252,60.78900376583531,0.0120756791986696,,11.886413,12.73,12.22,,,,,,,-1.8349665252119796,,1.087934,,,-2.1572706063783103,,,
TYC 4154-789-1,Bader,2024-03-05 22:33:20.976,180.17309333333333,60.78986416666667,180.2543399071391,60.77907650697203,0.0410972428494536,,11.257854,11.9,11.47,,,,,,,-2.255842063012313,,1.087934,,,-2.5781461441786435,,,
GALEX J120158.4+610016,Bader,2024-03-05 23:11:25.380,180.493535,61.00461611111111,180.5690274062749,61.00206037859903,0.036684729736043,,19.960655,,,,,,,,,-5.505780270675446,,1.060927,,,-1.8756768033644464,,,
SDSS J120123.28+605818.8,Bader,2024-03-05 23:11:25.380,180.34712,60.97181722222222,180.403784874,60.973459704671775,0.0275443540720806,,20.128153,,,,,,,,,-6.258167601680087,,1.060927,,,-2.6280641343690876,,,
SDSS J120200.28+605129.5,Bader,2024-03-05 23:11:25.380,180.50115875,60.85819611111111,180.53033416427616,60.89500397567705,0.0394517818887903,,21.862967,,,,,,,,,-8.052089433614439,,1.060927,,,-4.421985966303439,,,
SDSS J120202.61+605825.1,Bader,2024-03-05 23:11:25.380,180.51094166666664,60.973552777777776,180.56114691518812,60.94818055677983,0.0351801797107395,,19.831186,,,,,,,,,-5.4432982865417925,,1.060927,,,-1.8131948192307927,,,
SDSS J120251.27+605127.9,Bader,2024-03-05 23:11:25.380,180.71366625,60.85774333333333,180.6720665587078,60.8724662759567,0.0250393830812212,,16.586504,,,,,,,,,-8.624606337161023,,1.060927,,,-4.994502869850023,,,
SDSS J120252.53+604350.7,Bader,2024-03-05 23:11:25.380,180.71896791666663,60.73065,180.7240486141656,60.72450060070243,0.0066322482247519,,20.05006,,,,,,,,,-6.260748427732327,,1.060927,,,-2.6306449604213276,,,
TYC 4154-593-1,Bader,2024-03-05 23:11:25.380,180.6188483333333,60.85004083333334,180.5572926239887,60.84416477358073,0.0305566682831785,,12.370372,13.09,12.3,,,,,,,-6.086307153835593,,1.060927,,,-2.456203686524593,,,
TYC 4154-670-1,Bader,2024-03-05 23:11:25.380,180.52546166666664,60.79639888888889,180.4511040292326,60.79187438745052,0.0365637490134652,,11.886413,12.73,12.22,,,,,,,-5.590607937437866,,1.060927,,,-1.9605044701268666,,,
BD+61  1277,Bader,2024-03-05 21:15:34.516,180.7205875,60.79778888888889,180.72318190073864,60.78672513805561,0.0111359491067844,,9.767136,11.42,10.13,,,,,,,-3.172789256330406,,1.199536,,,-2.7184871305638083,,,
GALEX J120158.4+610016,Bader,2024-03-05 21:15:34.516,180.493535,61.00461611111111,180.4594515037667,61.00537958996215,0.0165390376524008,,19.960655,,,,,,,,,-2.1634054717974056,,1.199536,,,-1.7091033460308078,,,
Gaia DR3 1582294749603370624,Bader,2024-03-05 21:15:34.516,180.50535291666665,60.722285,180.50148009853143,60.73151656379662,0.0094237934156969,,20.176197,,,,,,,,,-3.033615914895499,,1.199536,,,-2.5793137891289013,,,
Gaia DR3 1582294985825349120,Bader,2024-03-05 21:15:34.516,180.4902725,60.74276416666667,180.48311746620027,60.75912620482893,0.0167313567155147,,17.232594,,,,,,,,,-3.33880167371337,,1.199536,,,-2.8844995479467723,,,
Gaia DR3 1582386627543700224,Bader,2024-03-05 21:15:34.516,180.77453791666667,60.93674666666666,180.72006325319472,60.93372920134928,0.0266351510179921,,20.280472,,,,,,,,,-4.080397677634395,,1.199536,,,-3.6260955518677975,,,
Gaia DR3 1582387447881389056,Bader,2024-03-05 21:15:34.516,180.70064,60.96863527777778,180.70901683915736,60.95493462277247,0.0142912831480127,,20.324024,,,,,,,,,-1.7203168261054635,,1.199536,,,-1.2660147003388658,,,
LEDA 2607793,Bader,2024-03-05 21:15:34.516,180.6476420833333,60.84814472222222,180.6364786748911,60.83495507805187,0.0142671164812776,,19.61422,,,,,,,,,-2.910354110897236,,1.199536,,,-2.4560519851306384,,,
SDSS J120123.28+605818.8,Bader,2024-03-05 21:15:34.516,180.34712,60.97181722222222,180.32857765146,60.95895443409234,0.0156983693871968,,20.128153,,,,,,,,,-4.201513085673784,,1.199536,,,-3.747210959907186,,,
SDSS J120200.28+605129.5,Bader,2024-03-05 21:15:34.516,180.50115875,60.85819611111111,180.4276846085205,60.87672664806684,0.0402844845087288,,21.862967,,,,,,,,,-3.215450024101967,,1.199536,,,-2.761147898335369,,,
SDSS J120202.61+605825.1,Bader,2024-03-05 21:15:34.516,180.51094166666664,60.973552777777776,180.54422941325225,60.9741520891786,0.0161626195603398,,19.831186,,,,,,,,,-3.4352354206159457,,1.199536,,,-2.980933294849348,,,
SDSS J120241.19+604322.6,Bader,2024-03-05 21:15:34.516,180.6716775,60.72295888888889,180.64430545249888,60.71186975523663,0.0173842249433826,,19.88113,21.6,20.46,,,,,,,-4.660607827555204,,1.199536,,,-4.206305701788605,,,
SDSS J120249.78+604546.7,Bader,2024-03-05 21:15:34.516,180.70744166666665,60.76299722222223,180.64415906761573,60.77279950562037,0.0324212921505208,,,,,,,,,,,-3.4709602080570754,,1.199536,,,-3.0166580822904776,,,
SDSS J120251.27+605127.9,Bader,2024-03-05 21:15:34.516,180.71366625,60.85774333333333,180.72723290222584,60.85327492629551,0.0079762796963106,,16.586504,,,,,,,,,-4.498369138490089,,1.199536,,,-4.044067012723491,,,
SDSS J120252.42+605306.3,Bader,2024-03-05 21:15:34.516,180.71842291666664,60.885082777777775,180.71132028985065,60.89017203857513,0.0061515638957983,,20.805779,,,,,,,,,-4.305852821647658,,1.199536,,,-3.8515506958810604,,,
TYC 4154-593-1,Bader,2024-03-05 21:15:34.516,180.6188483333333,60.85004083333334,180.6300666571432,60.85480949213797,0.007252272613287,,12.370372,13.09,12.3,,,,,,,-4.127387891543074,,1.199536,,,-3.673085765776476,,,
TYC 4154-670-1,Bader,2024-03-05 21:15:34.516,180.52546166666664,60.79639888888889,180.52340570536708,60.78866190477141,0.0078017589616799,,11.886413,12.73,12.22,,,,,,,-3.835469228025263,,1.199536,,,-3.381167102258665,,,
[PKK96] VB 133+55,Bader,2024-03-05 21:15:34.516,180.75,61.0,180.67504200653332,61.01739896361971,0.0402817796134086,,,,,,,,,,,-5.040553609930207,,1.199536,,,-4.586251484163609,,,
BD+61  1277,Bader,2024-03-05 23:05:13.904,180.7205875,60.79778888888889,180.72977919958825,60.81988780077964,0.0225490440441759,,9.767136,11.42,10.13,,,,,-4.358128447249916,,,,1.065894,-3.30105070064437,,,,,
GALEX J120158.4+610016,Bader,2024-03-05 23:05:13.904,180.493535,61.00461611111111,180.4797244004949,60.9869281238415,0.0189131356498912,,19.960655,,,,,,,-4.843974195953262,,,,1.065894,-3.786896449347716,,,,,
Gaia DR3 1582294985825349120,Bader,2024-03-05 23:05:13.904,180.4902725,60.74276416666667,180.44293710305504,60.74914045917927,0.0239947162833607,,17.232594,,,,,,,-4.863654621946878,,,,1.065894,-3.8065768753413325,,,,,
Gaia DR3 1582386627543700224,Bader,2024-03-05 23:05:13.904,180.77453791666667,60.93674666666666,180.7180128954566,60.92328704590759,0.0305850571817192,,20.280472,,,,,,,-5.192615988932462,,,,1.065894,-4.135538242326916,,,,,
Gaia DR3 1582387447881389056,Bader,2024-03-05 23:05:13.904,180.70064,60.96863527777778,180.72673075818452,60.966832118262566,0.0127896473434292,,20.324024,,,,,,,-4.930601340442564,,,,1.065894,-3.8735235938370183,,,,,
LEDA 2607793,Bader,2024-03-05 23:05:13.904,180.6476420833333,60.84814472222222,180.64414231578175,60.85406978218635,0.0061654062519711,,19.61422,,,,,,,-5.002057542821953,,,,1.065894,-3.9449797962164075,,,,,
SDSS J120123.28+605818.8,Bader,2024-03-05 23:05:13.904,180.34712,60.97181722222222,180.3347320937264,60.99201674518522,0.0210744193910001,,20.128153,,,,,,,-4.97049528657768,,,,1.065894,-3.9134175399721345,,,,,
SDSS J120200.28+605129.5,Bader,2024-03-05 23:05:13.904,180.50115875,60.85819611111111,180.4865136927741,60.8548741949339,0.0078677944328111,,21.862967,,,,,,,-5.60670877460395,,,,1.065894,-4.549631027998404,,,,,
SDSS J120202.61+605825.1,Bader,2024-03-05 23:05:13.904,180.51094166666664,60.973552777777776,180.48269350666445,60.96419824833772,0.0165960059084272,,19.831186,,,,,,,-6.98695988994405,,,,1.065894,-5.929882143338504,,,,,
SDSS J120241.19+604322.6,Bader,2024-03-05 23:05:13.904,180.6716775,60.72295888888889,180.6510600380697,60.744992067340426,0.0242291232942574,,19.88113,21.6,20.46,,,,,-5.332830610470335,,,,1.065894,-4.275752863864789,,,,,
SDSS J120249.78+604546.7,Bader,2024-03-05 23:05:13.904,180.70744166666665,60.76299722222223,180.72834096765476,60.76741161274936,0.0111206904591504,,,,,,,,,-6.994338802313333,,,,1.065894,-5.937261055707787,,,,,
SDSS J120251.27+605127.9,Bader,2024-03-05 23:05:13.904,180.71366625,60.85774333333333,180.6807097081126,60.85365867457753,0.0165617961646179,,16.586504,,,,,,,-5.508446893934119,,,,1.065894,-4.451369147328573,,,,,
SDSS J120252.42+605306.3,Bader,2024-03-05 23:05:13.904,180.71842291666664,60.885082777777775,180.73400466942564,60.88638492312784,0.0076923605486407,,20.805779,,,,,,,-5.081633223148937,,,,1.065894,-4.024555476543391,,,,,
TYC 4154-593-1,Bader,2024-03-05 23:05:13.904,180.6188483333333,60.85004083333334,180.5873562834359,60.8347520883626,0.0216601995886335,,12.370372,13.09,12.3,,,,,-4.9024041386711295,,,,1.065894,-3.8453263920655836,,,,,
TYC 4154-670-1,Bader,2024-03-05 23:05:13.904,180.52546166666664,60.79639888888889,180.5673845908762,60.79180092464511,0.0209666477301139,,11.886413,12.73,12.22,,,,,-3.4929896079687444,,,,1.065894,-2.4359118613631985,,,,,
BD+61  1277,Bader,2024-03-05 23:13:28.860,180.7205875,60.79778888888889,180.7742608623275,60.802554783409576,0.0266151112828944,,9.767136,11.42,10.13,,,,,-5.3804846756901,,,,1.059515,-3.7048644450965407,,,,,
GALEX J120158.4+610016,Bader,2024-03-05 23:13:28.860,180.493535,61.00461611111111,180.4227893002291,61.01294941317832,0.0352868171483469,,19.960655,,,,,,,-7.104614755726035,,,,1.059515,-5.428994525132476,,,,,
Gaia DR3 1582386627543700224,Bader,2024-03-05 23:13:28.860,180.77453791666667,60.93674666666666,180.7332177829586,60.91976114313134,0.0262986588122054,,20.280472,,,,,,,-5.249257908372061,,,,1.059515,-3.5736376777785015,,,,,
SDSS J120200.28+605129.5,Bader,2024-03-05 23:13:28.860,180.50115875,60.85819611111111,180.50172409548665,60.85137260080369,0.0068290631510311,,21.862967,,,,,,,-5.664434341029372,,,,1.059515,-3.988814110435812,,,,,
SDSS J120202.61+605825.1,Bader,2024-03-05 23:13:28.860,180.51094166666664,60.973552777777776,180.49788132772835,60.96071277801958,0.0143192183104024,,19.831186,,,,,,,-7.019023465699409,,,,1.059515,-5.343403235105849,,,,,
SDSS J120241.19+604322.6,Bader,2024-03-05 23:13:28.860,180.6716775,60.72295888888889,180.6659755211496,60.74152635835252,0.0187755669016206,,19.88113,21.6,20.46,,,,,-5.525573700939907,,,,1.059515,-3.849953470346347,,,,,
SDSS J120249.78+604546.7,Bader,2024-03-05 23:13:28.860,180.70744166666665,60.76299722222223,180.74333365733705,60.76395368934119,0.0175562967096199,,,,,,,,,-7.064769729988505,,,,1.059515,-5.389149499394946,,,,,
SDSS J120251.27+605127.9,Bader,2024-03-05 23:13:28.860,180.71366625,60.85774333333333,180.6957876377193,60.850159080805874,0.0115473973302463,,16.586504,,,,,,,-5.618854542722859,,,,1.059515,-3.9432343121292996,,,,,
SDSS J120252.42+605306.3,Bader,2024-03-05 23:13:28.860,180.71842291666664,60.885082777777775,180.68385479811928,60.89490269742404,0.0194741221802132,,20.805779,,,,,,,-5.828110804878603,,,,1.059515,-4.152490574285043,,,,,
SDSS J120252.53+604350.7,Bader,2024-03-05 23:13:28.860,180.71896791666663,60.73065,180.77000145945425,60.73297998029452,0.0250587600453838,,20.05006,,,,,,,-7.274270175142888,,,,1.059515,-5.5986499445493285,,,,,
TYC 4154-593-1,Bader,2024-03-05 23:13:28.860,180.6188483333333,60.85004083333334,180.57649673477897,60.88365314405634,0.0394323396844833,,12.370372,13.09,12.3,,,,,-6.77360143207726,,,,1.059515,-5.097981201483701,,,,,
TYC 4154-670-1,Bader,2024-03-05 23:13:28.860,180.52546166666664,60.79639888888889,180.4526474007639,60.79737564020782,0.0355400188162218,,11.886413,12.73,12.22,,,,,-5.7628709120661,,,,1.059515,-4.087250681472541,,,,,
BD+61  1277,Bader,2024-03-05 21:19:16.709,180.7205875,60.79778888888889,180.7029007813962,60.78314555031948,0.0169977957882517,,9.767136,11.42,10.13,,,,,-4.421619923992166,,,,1.193168,,,,,,
GALEX J120158.4+610016,Bader,2024-03-05 21:19:16.709,180.493535,61.00461611111111,180.44774163764487,60.99904730543218,0.0228875927298844,,19.960655,,,,,,,-3.2311236701230928,,,,1.193168,,,,,,
Gaia DR3 1582294749603370624,Bader,2024-03-05 21:19:16.709,180.50535291666665,60.722285,180.48144253119,60.72791960557108,0.0129790601738672,,20.176197,,,,,,,-3.804684334071576,,,,1.193168,,,,,,
Gaia DR3 1582294985825349120,Bader,2024-03-05 21:19:16.709,180.4902725,60.74276416666667,180.49690736240916,60.73822320036325,0.0055800308029448,,17.232594,,,,,,,-2.29973908310592,,,,1.193168,,,,,,
Gaia DR3 1582307767648078592,Bader,2024-03-05 21:19:16.709,180.2604670833333,60.976418888888894,180.29496131947,60.99390460384071,0.0242007208373434,,21.038603,,,,,,,-4.079796591543011,,,,1.193168,,,,,,
Gaia DR3 1582386627543700224,Bader,2024-03-05 21:19:16.709,180.77453791666667,60.93674666666666,180.6997420301552,60.93011372760928,0.0369381593290295,,20.280472,,,,,,,-4.952634949243336,,,,1.193168,,,,,,
Gaia DR3 1582387447881389056,Bader,2024-03-05 21:19:16.709,180.70064,60.96863527777778,180.67893635898403,60.96974224222199,0.0105903523638743,,20.324024,,,,,,,-3.317298007274378,,,,1.193168,,,,,,
LEDA 2607793,Bader,2024-03-05 21:19:16.709,180.6476420833333,60.84814472222222,180.64072820175647,60.85725176086493,0.00970967981431,,19.61422,,,,,,,-3.050289909787136,,,,1.193168,,,,,,
SDSS J120123.28+605818.8,Bader,2024-03-05 21:19:16.709,180.34712,60.97181722222222,180.30819455049797,60.95530561645369,0.025091464080667,,20.128153,,,,,,,-4.984572433067635,,,,1.193168,,,,,,
SDSS J120200.28+605129.5,Bader,2024-03-05 21:19:16.709,180.50115875,60.85819611111111,180.51141767472728,60.86259586603242,0.0066567704707407,,21.862967,,,,,,,-3.304104881207331,,,,1.193168,,,,,,
SDSS J120202.61+605825.1,Bader,2024-03-05 21:19:16.709,180.51094166666664,60.973552777777776,180.52386353913772,60.97053183853173,0.0069599573234433,,19.831186,,,,,,,-4.23520952998108,,,,1.193168,,,,,,
SDSS J120241.19+604322.6,Bader,2024-03-05 21:19:16.709,180.6716775,60.72295888888889,180.6241750312183,60.70826780214215,0.0274903690944785,,19.88113,21.6,20.46,,,,,-5.407286826321561,,,,1.193168,,,,,,
SDSS J120249.78+604546.7,Bader,2024-03-05 21:19:16.709,180.70744166666665,60.76299722222223,180.67435889683216,60.748144794908,0.0219501540328119,,,,,,,,,-3.7816221983069873,,,,1.193168,,,,,,
SDSS J120251.27+605127.9,Bader,2024-03-05 21:19:16.709,180.71366625,60.85774333333333,180.7070446941887,60.84965208775291,0.0087102638027719,,16.586504,,,,,,,-4.984330368205889,,,,1.193168,,,,,,
SDSS J120252.42+605306.3,Bader,2024-03-05 21:19:16.709,180.71842291666664,60.885082777777775,180.6910980031855,60.88658442543464,0.0133795106491664,,20.805779,,,,,,,-5.279977325927026,,,,1.193168,,,,,,
TYC 4154-593-1,Bader,2024-03-05 21:19:16.709,180.6188483333333,60.85004083333334,180.6098525659866,60.851178233618704,0.0045269495990771,,12.370372,13.09,12.3,,,,,-4.937828495356788,,,,1.193168,,,,,,
TYC 4154-670-1,Bader,2024-03-05 21:19:16.709,180.52546166666664,60.79639888888889,180.526607440274,60.79281655117517,0.0036257004436963,,11.886413,12.73,12.22,,,,,-4.024035563995804,,,,1.193168,,,,,,
TYC 4154-789-1,Bader,2024-03-05 21:19:16.709,180.17309333333333,60.78986416666667,180.24135885481329,60.78397210749559,0.0338345777518285,,11.257854,11.9,11.47,,,,,-3.822060591726972,,,,1.193168,,,,,,
BD+61  1277,Bader,2024-03-05 21:04:41.245,180.7205875,60.79778888888889,180.70410011518103,60.81008806526871,0.0146953120440595,,9.767136,11.42,10.13,,,,,,,,-4.340168171229093,1.219519,,,,,,
GALEX J120158.4+610016,Bader,2024-03-05 21:04:41.245,180.493535,61.00461611111111,180.55064961541208,61.001579468761655,0.0278530411019141,,19.960655,,,,,,,,,,-6.160162069960848,1.219519,,,,,,
Gaia DR3 1582294749603370624,Bader,2024-03-05 21:04:41.245,180.50535291666665,60.722285,180.51901109617685,60.732507220926905,0.0122104268526779,,20.176197,,,,,,,,,,-4.813130377096861,1.219519,,,,,,
Gaia DR3 1582294985825349120,Bader,2024-03-05 21:04:41.245,180.4902725,60.74276416666667,180.46699238682297,60.74870425828894,0.0128340682090376,,17.232594,,,,,,,,,,-4.315725898776304,1.219519,,,,,,
Gaia DR3 1582307767648078592,Bader,2024-03-05 21:04:41.245,180.2604670833333,60.976418888888894,180.29591941149212,60.95029041648246,0.0312856775060795,,21.038603,,,,,,,,,,-5.492814838042404,1.219519,,,,,,
Gaia DR3 1582386627543700224,Bader,2024-03-05 21:04:41.245,180.77453791666667,60.93674666666666,180.704001071723,60.92332187244967,0.0368077722445039,,20.280472,,,,,,,,,,-5.115981468761732,1.219519,,,,,,
Gaia DR3 1582387447881389056,Bader,2024-03-05 21:04:41.245,180.70064,60.96863527777778,180.6878649497188,60.93955929979786,0.0297301607960713,,20.324024,,,,,,,,,,-4.409234848582145,1.219519,,,,,,
LEDA 2607793,Bader,2024-03-05 21:04:41.245,180.6476420833333,60.84814472222222,180.64605710498628,60.85490997031685,0.0068091533617733,,19.61422,,,,,,,,,,-5.795666937129101,1.219519,,,,,,
SDSS J120123.28+605818.8,Bader,2024-03-05 21:04:41.245,180.34712,60.97181722222222,180.39550580880135,60.98793151535752,0.0284717626635957,,20.128153,,,,,,,,,,-4.550638592403645,1.219519,,,,,,
SDSS J120202.61+605825.1,Bader,2024-03-05 21:04:41.245,180.51094166666664,60.973552777777776,180.52812175527447,60.96374830387294,0.0128700486657716,,19.831186,,,,,,,,,,-4.425049257783106,1.219519,,,,,,
SDSS J120241.19+604322.6,Bader,2024-03-05 21:04:41.245,180.6716775,60.72295888888889,180.6282122152605,60.70148109786345,0.0302227278110269,,19.88113,21.6,20.46,,,,,,,,-5.512977171521375,1.219519,,,,,,
SDSS J120249.78+604546.7,Bader,2024-03-05 21:04:41.245,180.70744166666665,60.76299722222223,180.7071016750164,60.77634814670596,0.0133519567465713,,,,,,,,,,,,-4.265225958496456,1.219519,,,,,,
SDSS J120251.27+605127.9,Bader,2024-03-05 21:04:41.245,180.71366625,60.85774333333333,180.71121918137015,60.84284624938253,0.0149446932451045,,16.586504,,,,,,,,,,-5.23780592213215,1.219519,,,,,,
SDSS J120252.42+605306.3,Bader,2024-03-05 21:04:41.245,180.71842291666664,60.885082777777775,180.6953085571686,60.87977180050877,0.0124383796364493,,20.805779,,,,,,,,,,-5.308460009117404,1.219519,,,,,,
TYC 4154-593-1,Bader,2024-03-05 21:04:41.245,180.6188483333333,60.85004083333334,180.6140729914224,60.84438117338868,0.006119088274876,,12.370372,13.09,12.3,,,,,,,,-4.989391708931733,1.219519,,,,,,
TYC 4154-670-1,Bader,2024-03-05 21:04:41.245,180.52546166666664,60.79639888888889,180.5204107386074,60.791863598648135,0.0051616944142074,,11.886413,12.73,12.22,,,,,,,,-4.699094635222185,1.219519,,,,,,
BD+61  1277,Bader,2024-03-05 23:12:14.315,180.7205875,60.79778888888889,180.6888973020088,60.80735333789445,0.0181786497551753,,9.767136,11.42,10.13,,,,,,,,-5.771902972980571,1.060359,,-4.915908300014728,,,,
GALEX J120158.4+610016,Bader,2024-03-05 23:12:14.315,180.493535,61.00461611111111,180.4111838473837,60.9985071432154,0.0403873578655167,,19.960655,,,,,,,,,,-6.103668851057108,1.060359,,-5.247674178091265,,,,
Gaia DR3 1582294985825349120,Bader,2024-03-05 23:12:14.315,180.4902725,60.74276416666667,180.44623348978047,60.75455159571906,0.024536168098867,,17.232594,,,,,,,,,,-5.937840989285766,1.060359,,-5.081846316319923,,,,
LEDA 2607793,Bader,2024-03-05 23:12:14.315,180.6476420833333,60.84814472222222,180.67708719907031,60.85209840252608,0.0148775528561852,,19.61422,,,,,,,,,,-5.886840078843817,1.060359,,-5.030845405877974,,,,
SDSS J120123.28+605818.8,Bader,2024-03-05 23:12:14.315,180.34712,60.97181722222222,180.3269483121111,60.94734772750959,0.0263559651447228,,20.128153,,,,,,,,,,-5.598101152010724,1.060359,,-4.742106479044881,,,,
SDSS J120200.28+605129.5,Bader,2024-03-05 23:12:14.315,180.50115875,60.85819611111111,180.49205968203364,60.89874672141488,0.0407916758189315,,21.862967,,,,,,,,,,-5.832624755533215,1.060359,,-4.976630082567372,,,,
SDSS J120241.19+604322.6,Bader,2024-03-05 23:12:14.315,180.6716775,60.72295888888889,180.6593667368335,60.69870127803198,0.0249940772192421,,19.88113,21.6,20.46,,,,,,,,-5.581913029170301,1.060359,,-4.725918356204458,,,,
SDSS J120249.78+604546.7,Bader,2024-03-05 23:12:14.315,180.70744166666665,60.76299722222223,180.7673882688289,60.7597744697163,0.029457608003599,,,,,,,,,,,,-5.993098014602552,1.060359,,-5.137103341636709,,,,
SDSS J120251.27+605127.9,Bader,2024-03-05 23:12:14.315,180.71366625,60.85774333333333,180.74225761818005,60.84001796356781,0.0225423551712772,,16.586504,,,,,,,,,,-5.351518855090051,1.060359,,-4.495524182124208,,,,
SDSS J120252.42+605306.3,Bader,2024-03-05 23:12:14.315,180.71842291666664,60.885082777777775,180.72636898756207,60.87693149690725,0.0090219281321802,,20.805779,,,,,,,,,,-5.537637113664431,1.060359,,-4.681642440698588,,,,
SDSS J120252.53+604350.7,Bader,2024-03-05 23:12:14.315,180.71896791666663,60.73065,180.7366009658955,60.72111187398707,0.0128577176240849,,20.05006,,,,,,,,,,-7.237737877744509,1.060359,,-6.381743204778666,,,,
TYC 4154-416-1,Bader,2024-03-05 23:12:14.315,180.7727570833333,60.69710805555555,180.7631555381713,60.690143842848194,0.0084016661876231,,12.384351,13.41,12.71,,,,,,,,-7.318876951320444,1.060359,,-6.462882278354601,,,,
TYC 4154-593-1,Bader,2024-03-05 23:12:14.315,180.6188483333333,60.85004083333334,180.56986875608035,60.840820325257326,0.0255807942084285,,12.370372,13.09,12.3,,,,,,,,-6.934204232551639,1.060359,,-6.078209559585796,,,,
TYC 4154-670-1,Bader,2024-03-05 23:12:14.315,180.52546166666664,60.79639888888889,180.4951221248866,60.80856977736728,0.0191619180241362,,11.886413,12.73,12.22,,,,,,,,-5.8945331882876095,1.060359,,-5.0385385153217666,,,,
BD+61  1277,Bader,2024-03-05 21:17:22.118,180.7205875,60.79778888888889,180.71152377788644,60.80770241100403,0.0108548191193254,,9.767136,11.42,10.13,,,,,,,,-4.230286414388808,1.196503,,-4.711587392189875,,,,
Gaia DR3 1582294749603370624,Bader,2024-03-05 21:17:22.118,180.50535291666665,60.722285,180.49325204394265,60.71878526989363,0.0068755270903482,,20.176197,,,,,,,,,,-3.847034866170509,1.196503,,-4.328335843971575,,,,
Gaia DR3 1582294985825349120,Bader,2024-03-05 21:17:22.118,180.4902725,60.74276416666667,180.47482926173728,60.74636391482375,0.0083616984138894,,17.232594,,,,,,,,,,-4.264380308742009,1.196503,,-4.745681286543075,,,,
Gaia DR3 1582386627543700224,Bader,2024-03-05 21:17:22.118,180.77453791666667,60.93674666666666,180.7116710800808,60.92097180515559,0.034379451427694,,20.280472,,,,,,,,,,-5.093585946592059,1.196503,,-5.574886924393125,,,,
Gaia DR3 1582387447881389056,Bader,2024-03-05 21:17:22.118,180.70064,60.96863527777778,180.69679367863736,60.9809430675302,0.0124484714655294,,20.324024,,,,,,,,,,-3.825671333959317,1.196503,,-4.306972311760383,,,,
LEDA 2607793,Bader,2024-03-05 21:17:22.118,180.6476420833333,60.84814472222222,180.6280921118416,60.82218901538684,0.0276489709564007,,19.61422,,,,,,,,,,-4.054542944159064,1.196503,,-4.535843921960131,,,,
SDSS J120123.28+605818.8,Bader,2024-03-05 21:17:22.118,180.34712,60.97181722222222,180.3071716908983,60.9846973076599,0.0232702285259535,,20.128153,,,,,,,,,,-3.677200639819687,1.196503,,-4.158501617620754,,,,
SDSS J120200.28+605129.5,Bader,2024-03-05 21:17:22.118,180.50115875,60.85819611111111,180.5234113272488,60.85347886410491,0.0118193614331579,,21.862967,,,,,,,,,,-3.3467401481686587,1.196503,,-3.828041125969725,,,,
SDSS J120202.61+605825.1,Bader,2024-03-05 21:17:22.118,180.51094166666664,60.973552777777776,180.53587836022865,60.96141640923808,0.0171390782808842,,19.831186,,,,,,,,,,-4.375968551083135,1.196503,,-4.857269528884201,,,,
SDSS J120241.19+604322.6,Bader,2024-03-05 21:17:22.118,180.6716775,60.72295888888889,180.6580405231986,60.72583996179055,0.0072643813006549,,19.88113,21.6,20.46,,,,,,,,-3.1358068996229447,1.196503,,-3.617107877424011,,,,
SDSS J120249.78+604546.7,Bader,2024-03-05 21:17:22.118,180.70744166666665,60.76299722222223,180.71475399231767,60.7740097929582,0.0115770471009501,,,,,,,,,,,,-4.376944518105729,1.196503,,-4.858245495906795,,,,
SDSS J120251.27+605127.9,Bader,2024-03-05 21:17:22.118,180.71366625,60.85774333333333,180.71891682447483,60.8405273403668,0.0174049358612729,,16.586504,,,,,,,,,,-5.217907555903491,1.196503,,-5.699208533704557,,,,
SDSS J120252.42+605306.3,Bader,2024-03-05 21:17:22.118,180.71842291666664,60.885082777777775,180.70297441354555,60.87743962459255,0.0107206164742608,,20.805779,,,,,,,,,,-5.309307695071034,1.196503,,-5.7906086728721,,,,
SDSS J120252.53+604350.7,Bader,2024-03-05 21:17:22.118,180.71896791666663,60.73065,180.7362508482411,60.73092665356039,0.0084543908619497,,20.05006,,,,,,,,,,-3.0810789339274574,1.196503,,-3.5623799117285238,,,,
TYC 4154-593-1,Bader,2024-03-05 21:17:22.118,180.6188483333333,60.85004083333334,180.62174608974243,60.84204734949099,0.0081171782420652,,12.370372,13.09,12.3,,,,,,,,-4.98374060975585,1.196503,,-5.465041587556916,,,,
TYC 4154-670-1,Bader,2024-03-05 21:17:22.118,180.52546166666664,60.79639888888889,180.52812338881236,60.789542718008725,0.0069781117373287,,11.886413,12.73,12.22,,,,,,,,-4.647958984594724,1.196503,,-5.129259962395791,,,,
BD+61  1277,ZWO,2024-03-05 23:01:23.016,180.7205875,60.79778888888889,180.7615444412236,60.80441343320983,0.0210501078033414,,9.767136,11.42,10.13,,,,,,,-6.509495034075369,,1.069161,,,,,,-5.471435783680564
GALEX J120158.4+610016,ZWO,2024-03-05 23:01:23.016,180.493535,61.00461611111111,180.4818340979357,60.995104092907056,0.0110751257502955,,19.960655,,,,,,,,,-4.310806529709596,,1.069161,,,,,,-3.2727472793147903
Gaia DR3 1582294985825349120,ZWO,2024-03-05 23:01:23.016,180.4902725,60.74276416666667,180.4452783281268,60.74744922143239,0.0224820400265825,,17.232594,,,,,,,,,-4.8445837123896425,,1.069161,,,,,,-3.806524461994837
Gaia DR3 1582386627543700224,ZWO,2024-03-05 23:01:23.016,180.77453791666667,60.93674666666666,180.72031699206192,60.92165934111869,0.0303596373307544,,20.280472,,,,,,,,,-5.15619044762485,,1.069161,,,,,,-4.118131197230044
Gaia DR3 1582387447881389056,ZWO,2024-03-05 23:01:23.016,180.70064,60.96863527777778,180.71286020171544,60.98140581835573,0.0140798186546023,,20.324024,,,,,,,,,-4.060418950328578,,1.069161,,,,,,-3.0223596999337725
LEDA 2607793,ZWO,2024-03-05 23:01:23.016,180.6476420833333,60.84814472222222,180.6463106065658,60.85239219135512,0.0042966982792264,,19.61422,,,,,,,,,-5.079621485869459,,1.069161,,,,,,-4.041562235474654
SDSS J120123.28+605818.8,ZWO,2024-03-05 23:01:23.016,180.34712,60.97181722222222,180.33705289839844,60.990413034596905,0.0192263646204131,,20.128153,,,,,,,,,-4.975941587109039,,1.069161,,,,,,-3.937882336714234
SDSS J120200.28+605129.5,ZWO,2024-03-05 23:01:23.016,180.50115875,60.85819611111111,180.48884623420665,60.85324224408396,0.007777963055355,,21.862967,,,,,,,,,-5.4884380124120185,,1.069161,,,,,,-4.450378762017213
SDSS J120202.61+605825.1,ZWO,2024-03-05 23:01:23.016,180.51094166666664,60.973552777777776,180.48506538553704,60.96257754978427,0.0166778598453589,,19.831186,,,,,,,,,-7.000422776855046,,1.069161,,,,,,-5.962363526460241
SDSS J120241.19+604322.6,ZWO,2024-03-05 23:01:23.016,180.6716775,60.72295888888889,180.65321893416564,60.74336239993155,0.022309985950416,,19.88113,21.6,20.46,,,,,,,-5.380369252740112,,1.069161,,,,,,-4.342310002345307
SDSS J120249.78+604546.7,ZWO,2024-03-05 23:01:23.016,180.70744166666665,60.76299722222223,180.7306421265251,60.76575176050589,0.0116611593427522,,,,,,,,,,,-6.876599660408177,,1.069161,,,,,,-5.838540410013371
SDSS J120251.27+605127.9,ZWO,2024-03-05 23:01:23.016,180.71366625,60.85774333333333,180.6829697344076,60.85201530747036,0.0160096957722626,,16.586504,,,,,,,,,-5.662001795307114,,1.069161,,,,,,-4.623942544912309
SDSS J120252.42+605306.3,ZWO,2024-03-05 23:01:23.016,180.71842291666664,60.885082777777775,180.73626772859544,60.884728358070646,0.0086899013775836,,20.805779,,,,,,,,,-5.200299716320003,,1.069161,,,,,,-4.162240465925198
TYC 4154-593-1,ZWO,2024-03-05 23:01:23.016,180.6188483333333,60.85004083333334,180.58960722156084,60.83311409685009,0.0221244733194182,,12.370372,13.09,12.3,,,,,,,-4.753668236116342,,1.069161,,,,,,-3.7156089857215364
TYC 4154-670-1,ZWO,2024-03-05 23:01:23.016,180.52546166666664,60.79639888888889,180.5577903030529,60.79557629629129,0.0157952478254754,,11.886413,12.73,12.22,,,,,,,-4.503866504408731,,1.069161,,,,,,-3.4658072540139258
BD+61  1277,ZWO,2024-03-05 21:00:20.820,180.7205875,60.79778888888889,180.696417371465,60.8106958655356,0.0174812971973497,,9.767136,11.42,10.13,,,,,,,-3.941977379917277,,1.226991,,,,,,-3.5164701042806015
GALEX J120158.4+610016,ZWO,2024-03-05 21:00:20.820,180.493535,61.00461611111111,180.5169601632793,60.99809878876457,0.0130935139896597,,19.960655,,,,,,,,,-4.197130975844214,,1.226991,,,,,,-3.7716237002075386
Gaia DR3 1582294985825349120,ZWO,2024-03-05 21:00:20.820,180.4902725,60.74276416666667,180.50797412707212,60.76685563893685,0.0255966513634366,,17.232594,,,,,,,,,-4.71857398950805,,1.226991,,,,,,-4.293066713871374
Gaia DR3 1582307767648078592,ZWO,2024-03-05 21:00:20.820,180.2604670833333,60.976418888888894,180.2845459030248,60.984610015454585,0.0142665957402724,,21.038603,,,,,,,,,-5.403175968487036,,1.226991,,,,,,-4.9776686928503615
Gaia DR3 1582387447881389056,ZWO,2024-03-05 21:00:20.820,180.70064,60.96863527777778,180.69316425580615,60.95764616719896,0.0115726701938103,,20.324024,,,,,,,,,-4.843115318841718,,1.226991,,,,,,-4.417608043205043
LEDA 2607793,ZWO,2024-03-05 21:00:20.820,180.6476420833333,60.84814472222222,180.64709507991708,60.844516834972,0.0036376606035585,,19.61422,,,,,,,,,-5.620979812392087,,1.226991,,,,,,-5.195472536755412
SDSS J120053.39+605222.0,ZWO,2024-03-05 21:00:20.820,180.2225325,60.87265666666666,180.24267656987783,60.85946200158877,0.0164402046557608,,20.979723,,,,,,,,,-4.384386057026759,,1.226991,,,,,,-3.958878781390084
SDSS J120123.28+605818.8,ZWO,2024-03-05 21:00:20.820,180.34712,60.97181722222222,180.40901891729692,60.9461743525497,0.039502334956735,,20.128153,,,,,,,,,-5.853171628228969,,1.226991,,,,,,-5.427664352592293
SDSS J120200.28+605129.5,ZWO,2024-03-05 21:00:20.820,180.50115875,60.85819611111111,180.45299394727925,60.84573425601221,0.0265640162927088,,21.862967,,,,,,,,,-5.393497907913595,,1.226991,,,,,,-4.967990632276919
SDSS J120202.61+605825.1,ZWO,2024-03-05 21:00:20.820,180.51094166666664,60.973552777777776,180.54247491933523,60.97110496527415,0.0154955029069513,,19.831186,,,,,,,,,-4.6773477715187,,1.226991,,,,,,-4.251840495882025
SDSS J120241.19+604322.6,ZWO,2024-03-05 21:00:20.820,180.6716775,60.72295888888889,180.6174198622844,60.73584750345699,0.0294936432171858,,19.88113,21.6,20.46,,,,,,,-5.331133095798322,,1.226991,,,,,,-4.905625820161646
SDSS J120251.27+605127.9,ZWO,2024-03-05 21:00:20.820,180.71366625,60.85774333333333,180.72086326218584,60.86014115328524,0.0042464375550097,,16.586504,,,,,,,,,-3.986836580777426,,1.226991,,,,,,-3.5613293051407506
SDSS J120252.42+605306.3,ZWO,2024-03-05 21:00:20.820,180.71842291666664,60.885082777777775,180.7004035253262,60.8772192273591,0.01177814032136,,20.805779,,,,,,,,,-5.1387407627258455,,1.226991,,,,,,-4.71323348708917
TYC 4154-593-1,ZWO,2024-03-05 21:00:20.820,180.6188483333333,60.85004083333334,180.61038088788996,60.8448967580923,0.0065935941989513,,12.370372,13.09,12.3,,,,,,,-5.0160815365529485,,1.226991,,,,,,-4.590574260916274
TYC 4154-670-1,ZWO,2024-03-05 21:00:20.820,180.52546166666664,60.79639888888889,180.52190711087047,60.788065500015016,0.0085119925118363,,11.886413,12.73,12.22,,,,,,,-4.456318995196432,,1.226991,,,,,,-4.0308117195597575
BD+61  1277,ZWO,2024-03-05 23:09:42.914,180.7205875,60.79778888888889,180.6762466543444,60.81198894446322,0.0258736705982638,,9.767136,11.42,10.13,,,,,,,-5.702583602981981,,1.062285,,,,,,-4.04134594989659
GALEX J120158.4+610016,ZWO,2024-03-05 23:09:42.914,180.493535,61.00461611111111,180.56879537848647,61.00340311751183,0.0365025066781512,,19.960655,,,,,,,,,-6.325179892477307,,1.062285,,,,,,-4.663942239391915
Gaia DR3 1582294985825349120,ZWO,2024-03-05 23:09:42.914,180.4902725,60.74276416666667,180.4334836504464,60.75920145549453,0.0322506110836081,,17.232594,,,,,,,,,-5.792849052921927,,1.062285,,,,,,-4.131611399836535
LEDA 2607793,ZWO,2024-03-05 23:09:42.914,180.6476420833333,60.84814472222222,180.66424095419524,60.85676658895431,0.0118193975897877,,19.61422,,,,,,,,,-5.652052638707752,,1.062285,,,,,,-3.9908149856223605
SDSS J120123.28+605818.8,ZWO,2024-03-05 23:09:42.914,180.34712,60.97181722222222,180.4033979389196,60.9747989793964,0.0274693252462391,,20.128153,,,,,,,,,-6.982089568606906,,1.062285,,,,,,-5.320851915521514
SDSS J120200.28+605129.5,ZWO,2024-03-05 23:09:42.914,180.50115875,60.85819611111111,180.55705336935827,60.84551137891217,0.0300346316683439,,21.862967,,,,,,,,,-6.873030140118584,,1.062285,,,,,,-5.211792487033193
SDSS J120202.61+605825.1,ZWO,2024-03-05 23:09:42.914,180.51094166666664,60.973552777777776,180.5615782195192,60.95094952465523,0.0333915837102014,,19.831186,,,,,,,,,-5.62537269880147,,1.062285,,,,,,-3.964135045716078
SDSS J120241.19+604322.6,ZWO,2024-03-05 23:09:42.914,180.6716775,60.72295888888889,180.64661027709255,60.70342071737542,0.0230674495301715,,19.88113,21.6,20.46,,,,,,,-5.626332542277615,,1.062285,,,,,,-3.965094889192224
SDSS J120251.27+605127.9,ZWO,2024-03-05 23:09:42.914,180.71366625,60.85774333333333,180.72954695995577,60.84473520346356,0.0151342029699035,,16.586504,,,,,,,,,-5.238490367428991,,1.062285,,,,,,-3.5772527143435995
SDSS J120252.53+604350.7,ZWO,2024-03-05 23:09:42.914,180.71896791666663,60.73065,180.72382606915312,60.72580926672529,0.0053921476700864,,20.05006,,,,,,,,,-6.903350334564006,,1.062285,,,,,,-5.2421126814786145
TYC 4154-670-1,ZWO,2024-03-05 23:09:42.914,180.52546166666664,60.79639888888889,180.4824040520433,60.81317073256989,0.0268778336197211,,11.886413,12.73,12.22,,,,,,,-5.545636658933395,,1.062285,,,,,,-3.8843990058480036
BD+61  1277,ZWO,2024-03-05 21:11:20.398,180.7205875,60.79778888888889,180.71508134655429,60.81298294345649,0.015429604625986,,9.767136,11.42,10.13,,,,,,,-3.95914600206884,,1.206547,,,,,,
GALEX J120158.4+610016,ZWO,2024-03-05 21:11:20.398,180.493535,61.00461611111111,180.46490901649705,60.989988039197335,0.0201647292431553,,19.960655,,,,,,,,,-4.395941133942503,,1.206547,,,,,,
Gaia DR3 1582294985825349120,ZWO,2024-03-05 21:11:20.398,180.4902725,60.74276416666667,180.46893074232784,60.73715936425629,0.0118416971954147,,17.232594,,,,,,,,,-2.755218570433473,,1.206547,,,,,,
Gaia DR3 1582307767648078592,ZWO,2024-03-05 21:11:20.398,180.2604670833333,60.976418888888894,180.30339870999003,60.98695680801399,0.0233400096793884,,21.038603,,,,,,,,,-5.41005775103947,,1.206547,,,,,,
Gaia DR3 1582387447881389056,ZWO,2024-03-05 21:11:20.398,180.70064,60.96863527777778,180.6957828839719,60.97622692217922,0.0079490670445095,,20.324024,,,,,,,,,-4.257749313767299,,1.206547,,,,,,
LEDA 2607793,ZWO,2024-03-05 21:11:20.398,180.6476420833333,60.84814472222222,180.66591607989264,60.84682064278792,0.0089998565762279,,19.61422,,,,,,,,,-5.650485229352489,,1.206547,,,,,,
SDSS J120123.28+605818.8,ZWO,2024-03-05 21:11:20.398,180.34712,60.97181722222222,180.3691771764132,60.97660553359012,0.0117245594467022,,20.128153,,,,,,,,,-3.2961141565224725,,1.206547,,,,,,
SDSS J120200.28+605129.5,ZWO,2024-03-05 21:11:20.398,180.50115875,60.85819611111111,180.4718434834037,60.84804710451182,0.0175175263511199,,21.862967,,,,,,,,,-5.459223040049013,,1.206547,,,,,,
SDSS J120202.61+605825.1,ZWO,2024-03-05 21:11:20.398,180.51094166666664,60.973552777777776,180.54982545544425,60.96822190365115,0.0196071153498607,,19.831186,,,,,,,,,-3.2720907476634937,,1.206547,,,,,,
SDSS J120241.19+604322.6,ZWO,2024-03-05 21:11:20.398,180.6716775,60.72295888888889,180.6362103968622,60.73813272683917,0.0230420872915409,,19.88113,21.6,20.46,,,,,,,-5.362456133025404,,1.206547,,,,,,
SDSS J120249.78+604546.7,ZWO,2024-03-05 21:11:20.398,180.70744166666665,60.76299722222223,180.73658173081185,60.76996357652359,0.0158447294431896,,,,,,,,,,,-2.902781634772256,,1.206547,,,,,,
SDSS J120251.27+605127.9,ZWO,2024-03-05 21:11:20.398,180.71366625,60.85774333333333,180.7118303661084,60.84670160311078,0.0110778782604205,,16.586504,,,,,,,,,-4.155280534856357,,1.206547,,,,,,
SDSS J120252.42+605306.3,ZWO,2024-03-05 21:11:20.398,180.71842291666664,60.885082777777775,180.7192413519315,60.87953363864545,0.0055634119039541,,20.805779,,,,,,,,,-5.168136983927793,,1.206547,,,,,,
TYC 4154-593-1,ZWO,2024-03-05 21:11:20.398,180.6188483333333,60.85004083333334,180.62924186909385,60.84719188829752,0.0058094155174779,,12.370372,13.09,12.3,,,,,,,-5.033795183652589,,1.206547,,,,,,
TYC 4154-670-1,ZWO,2024-03-05 21:11:20.398,180.52546166666664,60.79639888888889,180.5406309211003,60.7903744527617,0.009543760760637,,11.886413,12.73,12.22,,,,,,,-4.4452850844879706,,1.206547,,,,,,
[PKK96] VB 133+55,ZWO,2024-03-05 21:11:20.398,180.75,61.0,180.6970508192552,61.01999384759166,0.0325315525637208,,,,,,,,,,,-3.4514808836306186,,1.206547,,,,,,
BD+61  1277,ZWO,2024-03-05 21:25:14.362,180.7205875,60.79778888888889,180.71429935765968,60.80801821402715,0.0106793426409833,,9.767136,11.42,10.13,,,,,,-4.141181577922376,,,1.180684,,,,,-5.105064599622704,
GALEX J120158.4+610016,ZWO,2024-03-05 21:25:14.362,180.493535,61.00461611111111,180.53517542021376,60.99543525653587,0.0221772334455003,,19.960655,,,,,,,,-4.236028072107151,,,1.180684,,,,,-5.199911093807478,
Gaia DR3 1582294749603370624,ZWO,2024-03-05 21:25:14.362,180.50535291666665,60.722285,180.56464068277043,60.743564073306445,0.0359570617931304,,20.176197,,,,,,,,-4.432882191711134,,,1.180684,,,,,-5.396765213411462,
Gaia DR3 1582294985825349120,ZWO,2024-03-05 21:25:14.362,180.4902725,60.74276416666667,180.4745428246096,60.745497299159,0.0081586744668713,,17.232594,,,,,,,,-3.225340071613332,,,1.180684,,,,,-4.189223093313659,
Gaia DR3 1582307767648078592,ZWO,2024-03-05 21:25:14.362,180.2604670833333,60.976418888888894,180.29320733143456,60.93949995427506,0.0401947797819628,,21.038603,,,,,,,,-3.2034603922049683,,,1.180684,,,,,-4.167343413905296,
Gaia DR3 1582387447881389056,ZWO,2024-03-05 21:25:14.362,180.70064,60.96863527777778,180.6949873206472,60.97122989212157,0.0037757704391831,,20.324024,,,,,,,,-4.319966523066699,,,1.180684,,,,,-5.283849544767027,
LEDA 2607793,ZWO,2024-03-05 21:25:14.362,180.6476420833333,60.84814472222222,180.6666486617877,60.81792719981217,0.0316054005774025,,19.61422,,,,,,,,-4.616369503015207,,,1.180684,,,,,-5.580252524715535,
SDSS J120053.39+605222.0,ZWO,2024-03-05 21:25:14.362,180.2225325,60.87265666666666,180.26075010997008,60.85677818799424,0.0244612256542692,,20.979723,,,,,,,,-4.511126211102551,,,1.180684,,,,,-5.475009232802879,
SDSS J120123.28+605818.8,ZWO,2024-03-05 21:25:14.362,180.34712,60.97181722222222,180.36830213631723,60.97157112588608,0.0102814004295663,,20.128153,,,,,,,,-3.3830631492921723,,,1.180684,,,,,-4.3469461709925,
SDSS J120200.28+605129.5,ZWO,2024-03-05 21:25:14.362,180.50115875,60.85819611111111,180.50833541012963,60.8772669729638,0.0193882534753988,,21.862967,,,,,,,,-2.8988606091550064,,,1.180684,,,,,-3.862743630855334,
SDSS J120202.61+605825.1,ZWO,2024-03-05 21:25:14.362,180.51094166666664,60.973552777777776,180.5490870408532,60.96325550792076,0.0211828832567084,,19.831186,,,,,,,,-3.263218811460735,,,1.180684,,,,,-4.227101833161062,
SDSS J120249.78+604546.7,ZWO,2024-03-05 21:25:14.362,180.70744166666665,60.76299722222223,180.73586309228455,60.7649743659271,0.0140213565769992,,,,,,,,,,-2.9910399666207805,,,1.180684,,,,,-3.954922988321108,
SDSS J120251.27+605127.9,ZWO,2024-03-05 21:25:14.362,180.71366625,60.85774333333333,180.7386485658294,60.85746938982473,0.0121690158661527,,16.586504,,,,,,,,-3.805685518031281,,,1.180684,,,,,-4.769568539731608,
SDSS J120252.42+605306.3,ZWO,2024-03-05 21:25:14.362,180.71842291666664,60.885082777777775,180.6519347434508,60.88210574157496,0.0324888671587731,,20.805779,,,,,,,,-3.090226144699477,,,1.180684,,,,,-4.054109166399805,
TYC 4154-593-1,ZWO,2024-03-05 21:25:14.362,180.6188483333333,60.85004083333334,180.627517534066,60.85620374346959,0.007470580672721,,12.370372,13.09,12.3,,,,,,-3.89454443916748,,,1.180684,,,,,-4.858427460867808,
TYC 4154-670-1,ZWO,2024-03-05 21:25:14.362,180.52546166666664,60.79639888888889,180.542739629664,60.78689504477085,0.0127047979866077,,11.886413,12.73,12.22,,,,,,-3.523040398970705,,,1.180684,,,,,-4.486923420671032,
[PKK96] VB 133+55,ZWO,2024-03-05 21:25:14.362,180.75,61.0,180.69625790278312,61.01498506255321,0.0300512628072447,,,,,,,,,,-3.52944675162804,,,1.180684,,,,,-4.493329773328368,
2MASS J12004716+6055285,ZWO,2024-03-05 22:07:06.632,180.19645125,60.92463361111111,180.24782598764327,60.940143193493554,0.0293861758156565,,14.854797,15.226,14.933,,,,,,-3.264317841667668,,,1.116355,,,,,-5.2136931269195115,
GALEX J120158.4+610016,ZWO,2024-03-05 22:07:06.632,180.493535,61.00461611111111,180.44055615181017,60.99327600705591,0.0280774500651963,,19.960655,,,,,,,,-2.6829088794037386,,,1.116355,,,,,-4.632284164655582,
Gaia DR3 1582294985825349120,ZWO,2024-03-05 22:07:06.632,180.4902725,60.74276416666667,180.54805607809325,60.75062709353827,0.029311508353971,,17.232594,,,,,,,,-2.9410559216397765,,,1.116355,,,,,-4.89043120689162,
Gaia DR3 1582307767648078592,ZWO,2024-03-05 22:07:06.632,180.2604670833333,60.976418888888894,180.238498245238,60.95372111786923,0.0250773983314083,,21.038603,,,,,,,,-1.2599748844704597,,,1.116355,,,,,-3.2093501697223035,
Gaia DR3 1582387447881389056,ZWO,2024-03-05 22:07:06.632,180.70064,60.96863527777778,180.68096206908777,60.99169541880985,0.0249578915862585,,20.324024,,,,,,,,-2.0792481068325825,,,1.116355,,,,,-4.028623392084426,
SDSS J120053.39+605222.0,ZWO,2024-03-05 22:07:06.632,180.2225325,60.87265666666666,180.26277541706125,60.87645645570221,0.0199523309473938,,20.979723,,,,,,,,-3.03196457108894,,,1.116355,,,,,-4.981339856340783,
SDSS J120123.28+605818.8,ZWO,2024-03-05 22:07:06.632,180.34712,60.97181722222222,180.3229737448516,60.97224055803629,0.0117242905758667,,20.128153,,,,,,,,-3.42546194173529,,,1.116355,,,,,-5.374837226987133,
SDSS J120200.28+605129.5,ZWO,2024-03-05 22:07:06.632,180.50115875,60.85819611111111,180.5229972556315,60.84483527512378,0.0170779772152086,,21.862967,,,,,,,,-2.2247560590215216,,,1.116355,,,,,-4.174131344273365,
SDSS J120202.61+605825.1,ZWO,2024-03-05 22:07:06.632,180.51094166666664,60.973552777777776,180.50379585486368,60.963880364524094,0.0102752619462727,,19.831186,,,,,,,,-3.218291030054803,,,1.116355,,,,,-5.167666315306646,
SDSS J120241.19+604322.6,ZWO,2024-03-05 22:07:06.632,180.6716775,60.72295888888889,180.5974412130719,60.72963921423049,0.0369097862465376,,19.88113,21.6,20.46,,,,,,-2.1895772725770737,,,1.116355,,,,,-4.138952557828917,
SDSS J120249.78+604546.7,ZWO,2024-03-05 22:07:06.632,180.70744166666665,60.76299722222223,180.67221797642537,60.75560837421925,0.0187254727221403,,,,,,,,,,-2.6662748596976065,,,1.116355,,,,,-4.61565014494945,
SDSS J120251.27+605127.9,ZWO,2024-03-05 22:07:06.632,180.71366625,60.85774333333333,180.6892399213201,60.84265067756503,0.0192184575899632,,16.586504,,,,,,,,-2.453311171950558,,,1.116355,,,,,-4.402686457202401,
TYC 4154-390-1,ZWO,2024-03-05 22:07:06.632,180.17958375,61.02434361111111,180.2608695499176,61.0194581512105,0.039682836293276,,10.913647,11.43,10.94,,,,,,-3.5823134614635395,,,1.116355,,,,,-5.531688746715383,
TYC 4154-593-1,ZWO,2024-03-05 22:07:06.632,180.6188483333333,60.85004083333334,180.606838455758,60.882818217699146,0.0332948050473949,,12.370372,13.09,12.3,,,,,,-3.1262117542677497,,,1.116355,,,,,-5.0755870395195934,
TYC 4154-670-1,ZWO,2024-03-05 22:07:06.632,180.52546166666664,60.79639888888889,180.49757035664888,60.78756886531961,0.0162238617833842,,11.886413,12.73,12.22,,,,,,-3.523333446385715,,,1.116355,,,,,-5.472708731637558,
TYC 4154-789-1,ZWO,2024-03-05 22:07:06.632,180.17309333333333,60.78986416666667,180.22051652944904,60.80059060637517,0.0255045927354668,,11.257854,11.9,11.47,,,,,,-2.4325221609497047,,,1.116355,,,,,-4.381897446201548,
BD+61  1277,ZWO,2024-03-05 21:09:21.787,180.7205875,60.79778888888889,180.70122168613065,60.81140800568573,0.0165745471885055,,9.767136,11.42,10.13,,,,,,-4.246556554762264,,,1.209776,,,,,,
GALEX J120158.4+610016,ZWO,2024-03-05 21:09:21.787,180.493535,61.00461611111111,180.5222274709753,60.99883649959036,0.0150625929681738,,19.960655,,,,,,,,-4.231349307579101,,,1.209776,,,,,,
Gaia DR3 1582294985825349120,ZWO,2024-03-05 21:09:21.787,180.4902725,60.74276416666667,180.5046775064261,60.75261887761603,0.0121105009858083,,17.232594,,,,,,,,-4.219397242890032,,,1.209776,,,,,,
Gaia DR3 1582307767648078592,ZWO,2024-03-05 21:09:21.787,180.2604670833333,60.976418888888894,180.28955796996888,60.985357080493095,0.0167045082754525,,21.038603,,,,,,,,-5.406497183846938,,,1.209776,,,,,,
Gaia DR3 1582387447881389056,ZWO,2024-03-05 21:09:21.787,180.70064,60.96863527777778,180.6981422883918,60.95838218199645,0.010324517332684,,20.324024,,,,,,,,-4.922991375089628,,,1.209776,,,,,,
LEDA 2607793,ZWO,2024-03-05 21:09:21.787,180.6476420833333,60.84814472222222,180.65212058368152,60.84522460599028,0.003645115304642,,19.61422,,,,,,,,-5.62965895279417,,,1.209776,,,,,,
SDSS J120053.39+605222.0,ZWO,2024-03-05 21:09:21.787,180.2225325,60.87265666666666,180.2476858889301,60.8601428061951,0.0175087983986357,,20.979723,,,,,,,,-4.506166457570659,,,1.209776,,,,,,
SDSS J120123.28+605818.8,ZWO,2024-03-05 21:09:21.787,180.34712,60.97181722222222,180.306309069865,60.98360664709869,0.0230435966581259,,20.128153,,,,,,,,-5.009603383454291,,,1.209776,,,,,,
SDSS J120200.28+605129.5,ZWO,2024-03-05 21:09:21.787,180.50115875,60.85819611111111,180.45806941228804,60.84642988664175,0.0240604758752815,,21.862967,,,,,,,,-5.512754649131782,,,1.209776,,,,,,
SDSS J120202.61+605825.1,ZWO,2024-03-05 21:09:21.787,180.51094166666664,60.973552777777776,180.54748737194765,60.97185848340095,0.0178136908096269,,19.831186,,,,,,,,-4.786375725817815,,,1.209776,,,,,,
SDSS J120241.19+604322.6,ZWO,2024-03-05 21:09:21.787,180.6716775,60.72295888888889,180.62244417971587,60.73655119932612,0.0276440565857747,,19.88113,21.6,20.46,,,,,,-5.392416593257542,,,1.209776,,,,,,
SDSS J120249.78+604546.7,ZWO,2024-03-05 21:09:21.787,180.70744166666665,60.76299722222223,180.67264859094465,60.7764302780175,0.0216590286691319,,,,,,,,,,-3.68549288140371,,,1.209776,,,,,,
SDSS J120251.27+605127.9,ZWO,2024-03-05 21:09:21.787,180.71366625,60.85774333333333,180.72563507158276,60.8608732006231,0.0066155121897871,,16.586504,,,,,,,,-3.763008861038148,,,1.209776,,,,,,
SDSS J120252.42+605306.3,ZWO,2024-03-05 21:09:21.787,180.71842291666664,60.885082777777775,180.7054444139032,60.87794008193149,0.0095343826820846,,20.805779,,,,,,,,-5.066912159450139,,,1.209776,,,,,,
TYC 4154-593-1,ZWO,2024-03-05 21:09:21.787,180.6188483333333,60.85004083333334,180.61546602069345,60.84561448777682,0.004723051489567,,12.370372,13.09,12.3,,,,,,-4.979326311373832,,,1.209776,,,,,,
TYC 4154-670-1,ZWO,2024-03-05 21:09:21.787,180.52546166666664,60.79639888888889,180.52693366364235,60.78879734941752,0.007635401004737,,11.886413,12.73,12.22,,,,,,-4.5291889728770105,,,1.209776,,,,,,
TYC 4154-789-1,ZWO,2024-03-05 21:09:21.787,180.17309333333333,60.78986416666667,180.239503281871,60.81220506229385,0.0393538508638428,,11.257854,11.9,11.47,,,,,,-3.601577108270844,,,1.209776,,,,,,
[PKK96] VB 133+55,ZWO,2024-03-05 21:09:21.787,180.75,61.0,180.6833151806536,61.01839048904313,0.0371859860025081,,,,,,,,,,-3.5594464681836824,,,1.209776,,,,,,
BD+61  1277,ZWO,2024-03-05 22:59:09.862,180.7205875,60.79778888888889,180.7358176400377,60.81671996878005,0.0203363764694447,,9.767136,11.42,10.13,,,,,-4.285363022346528,,,,1.071073,,,,-3.4127185160256412,,
GALEX J120158.4+610016,ZWO,2024-03-05 22:59:09.862,180.493535,61.00461611111111,180.41346153842875,61.01335364321704,0.0397808232957841,,19.960655,,,,,,,-6.954269438432441,,,,1.071073,,,,-6.081624932111553,,
Gaia DR3 1582294985825349120,ZWO,2024-03-05 22:59:09.862,180.4902725,60.74276416666667,180.4488580334296,60.74600377426496,0.0204971609636015,,17.232594,,,,,,,-4.845676849917783,,,,1.071073,,,,-3.973032343596896,,
Gaia DR3 1582386627543700224,ZWO,2024-03-05 22:59:09.862,180.77453791666667,60.93674666666666,180.7239240020666,60.92019905025768,0.0296421446636333,,20.280472,,,,,,,-5.211473253082676,,,,1.071073,,,,-4.338828746761789,,
Gaia DR3 1582387447881389056,ZWO,2024-03-05 22:59:09.862,180.70064,60.96863527777778,180.71643272633744,60.979897652152864,0.0136219515720452,,20.324024,,,,,,,-4.442286604998272,,,,1.071073,,,,-3.569642098677385,,
LEDA 2607793,ZWO,2024-03-05 22:59:09.862,180.6476420833333,60.84814472222222,180.64996162243085,60.850941212646354,0.0030161131504974,,19.61422,,,,,,,-4.869576941415097,,,,1.071073,,,,-3.99693243509421,,
SDSS J120053.39+605222.0,ZWO,2024-03-05 22:59:09.862,180.2225325,60.87265666666666,180.28201590924655,60.86550502254883,0.0298269968910059,,20.979723,,,,,,,-4.309047256056618,,,,1.071073,,,,-3.436402749735731,,
SDSS J120123.28+605818.8,ZWO,2024-03-05 22:59:09.862,180.34712,60.97181722222222,180.3407008160237,60.98892051940295,0.0173844702107939,,20.128153,,,,,,,-4.869304762077393,,,,1.071073,,,,-3.9966602557565056,,
SDSS J120200.28+605129.5,ZWO,2024-03-05 22:59:09.862,180.50115875,60.85819611111111,180.4925276431936,60.851753915931845,0.0076923083902836,,21.862967,,,,,,,-5.564659600337835,,,,1.071073,,,,-4.692015094016948,,
SDSS J120202.61+605825.1,ZWO,2024-03-05 22:59:09.862,180.51094166666664,60.973552777777776,180.48546415930224,60.98384976128009,0.0160872010051051,,19.831186,,,,,,,-4.817665753040727,,,,1.071073,,,,-3.9450212467198402,,
SDSS J120241.19+604322.6,ZWO,2024-03-05 22:59:09.862,180.6716775,60.72295888888889,180.6569046933024,60.741874114847256,0.0202471440384163,,19.88113,21.6,20.46,,,,,-5.327884242033946,,,,1.071073,,,,-4.455239735713058,,
SDSS J120249.78+604546.7,ZWO,2024-03-05 22:59:09.862,180.70744166666665,60.76299722222223,180.7343047616885,60.76429344376847,0.0131841711988143,,,,,,,,,-6.942874791974405,,,,1.071073,,,,-6.070230285653517,,
SDSS J120251.27+605127.9,ZWO,2024-03-05 22:59:09.862,180.71366625,60.85774333333333,180.68661972512172,60.850548563082405,0.0150093925991059,,16.586504,,,,,,,-5.394464667695516,,,,1.071073,,,,-4.521820161374628,,
SDSS J120252.42+605306.3,ZWO,2024-03-05 22:59:09.862,180.71842291666664,60.885082777777775,180.7400001991212,60.883251900673706,0.0106574491719525,,20.805779,,,,,,,-5.006786231840371,,,,1.071073,,,,-4.134141725519483,,
SDSS J120303.69+605743.0,ZWO,2024-03-05 22:59:09.862,180.76542458333333,60.961871388888895,180.73269231336488,60.96370512051634,0.0159929832658757,,19.769081,,,,,,,-4.861933094018199,,,,1.071073,,,,-3.989288587697312,,
TYC 4154-593-1,ZWO,2024-03-05 22:59:09.862,180.6188483333333,60.85004083333334,180.5933736953916,60.83166421280641,0.0221757212958428,,12.370372,13.09,12.3,,,,,-4.709678700397152,,,,1.071073,,,,-3.837034194076265,,
TYC 4154-670-1,ZWO,2024-03-05 22:59:09.862,180.52546166666664,60.79639888888889,180.5614573036135,60.79412324399605,0.0177102287519403,,11.886413,12.73,12.22,,,,,-4.280370334667221,,,,1.071073,,,,-3.4077258283463334,,
BD+61  1277,ZWO,2024-03-05 21:21:20.263,180.7205875,60.79778888888889,180.71057713244664,60.80596589864653,0.0095242203270686,,9.767136,11.42,10.13,,,,,-3.899301723543995,,,,1.186962,,,,-4.518904542656081,,
GALEX J120158.4+610016,ZWO,2024-03-05 21:21:20.263,180.493535,61.00461611111111,180.4589032110401,60.98819136865003,0.0234890226731795,,19.960655,,,,,,,-2.916336543881,,,,1.186962,,,,-3.535939362993086,,
Gaia DR3 1582294749603370624,ZWO,2024-03-05 21:21:20.263,180.50535291666665,60.722285,180.51521401142816,60.721680306850445,0.0048603099898551,,20.176197,,,,,,,-2.24126371351375,,,,1.186962,,,,-2.860866532625836,,
Gaia DR3 1582294985825349120,ZWO,2024-03-05 21:21:20.263,180.4902725,60.74276416666667,180.47390840518244,60.74462208891118,0.0082103919315384,,17.232594,,,,,,,-4.064049195506112,,,,1.186962,,,,-4.683652014618199,,
Gaia DR3 1582387447881389056,ZWO,2024-03-05 21:21:20.263,180.70064,60.96863527777778,180.69581704671504,60.9792397240389,0.0108595810852062,,20.324024,,,,,,,-3.623327793242392,,,,1.186962,,,,-4.242930612354478,,
LEDA 2607793,ZWO,2024-03-05 21:21:20.263,180.6476420833333,60.84814472222222,180.65161073716192,60.846360639885525,0.0026306945247793,,19.61422,,,,,,,-3.03631634496937,,,,1.186962,,,,-3.6559191640814563,,
SDSS J120123.28+605818.8,ZWO,2024-03-05 21:21:20.263,180.34712,60.97181722222222,180.3060324830421,60.983030675084194,0.0228713171846686,,20.128153,,,,,,,-3.8512395854292887,,,,1.186962,,,,-4.470842404541375,,
SDSS J120149.26+603843.2,ZWO,2024-03-05 21:21:20.263,180.45534125,60.64525722222222,180.4559477364202,60.68525045800562,0.0399943394914506,,20.923674,,,,,,,-2.583863836950311,,,,1.186962,,,,-3.203466656062397,,
SDSS J120200.28+605129.5,ZWO,2024-03-05 21:21:20.263,180.50115875,60.85819611111111,180.52241537916305,60.85173605096675,0.0122026848260706,,21.862967,,,,,,,-3.1452107648642573,,,,1.186962,,,,-3.7648135839763435,,
SDSS J120202.61+605825.1,ZWO,2024-03-05 21:21:20.263,180.51094166666664,60.973552777777776,180.534940385448,60.95966700405464,0.018123692829666,,19.831186,,,,,,,-4.052575461799747,,,,1.186962,,,,-4.672178280911833,,
SDSS J120241.19+604322.6,ZWO,2024-03-05 21:21:20.263,180.6716775,60.72295888888889,180.65708135130933,60.7240614459399,0.0072225270574183,,19.88113,21.6,20.46,,,,,-2.744351771119625,,,,1.186962,,,,-3.363954590231711,,
SDSS J120242.66+604016.6,ZWO,2024-03-05 21:21:20.263,180.6778683333333,60.67120055555555,180.69739037151496,60.68046245219576,0.0133114229928521,,21.056257,,,,,,,-2.716254664854154,,,,1.186962,,,,-3.3358574839662403,,
SDSS J120249.78+604546.7,ZWO,2024-03-05 21:21:20.263,180.70744166666665,60.76299722222223,180.71381341024772,60.77225413531815,0.0097659029826288,,,,,,,,,-4.2749310847641215,,,,1.186962,,,,-4.894533903876208,,
SDSS J120252.42+605306.3,ZWO,2024-03-05 21:21:20.263,180.71842291666664,60.885082777777775,180.6699544234752,60.90316402930531,0.0297114939884656,,20.805779,,,,,,,-4.590614602270493,,,,1.186962,,,,-5.210217421382579,,
SDSS J120252.53+604350.7,ZWO,2024-03-05 21:21:20.263,180.71896791666663,60.73065,180.73536616693943,60.7292058406927,0.0081465714156887,,20.05006,,,,,,,-3.0126073045034296,,,,1.186962,,,,-3.6322101236155158,,
TYC 4154-593-1,ZWO,2024-03-05 21:21:20.263,180.6188483333333,60.85004083333334,180.5929470753283,60.82774011049099,0.0256243545507914,,12.370372,13.09,12.3,,,,,-3.6948105231655695,,,,1.186962,,,,-4.314413342277655,,
TYC 4154-670-1,ZWO,2024-03-05 21:21:20.263,180.52546166666664,60.79639888888889,180.52720655364385,60.78777947734745,0.0086613657645915,,11.886413,12.73,12.22,,,,,-4.304531665776293,,,,1.186962,,,,-4.924134484888379,,
BD+61  1277,ZWO,2024-03-05 20:57:29.928,180.7205875,60.79778888888889,180.7341317802293,60.79909692563769,0.0067362460194458,,9.767136,11.42,10.13,,,,,-5.09466810218669,,,,1.232358,,,,-4.731941040396714,,
GALEX J120158.4+610016,ZWO,2024-03-05 20:57:29.928,180.493535,61.00461611111111,180.52585084848127,61.00033047048614,0.0162414421148445,,19.960655,,,,,,,-4.05261296163359,,,,1.232358,,,,-3.689885899843615,,
Gaia DR3 1582294985825349120,ZWO,2024-03-05 20:57:29.928,180.4902725,60.74276416666667,180.45969119304704,60.73660033591956,0.0161684874189515,,17.232594,,,,,,,-2.0510528122322293,,,,1.232358,,,,-1.688325750442254,,
Gaia DR3 1582307767648078592,ZWO,2024-03-05 20:57:29.928,180.2604670833333,60.976418888888894,180.29320064917607,60.98688067367672,0.0190153240880608,,21.038603,,,,,,,-5.174596175381762,,,,1.232358,,,,-4.811869113591786,,
Gaia DR3 1582387447881389056,ZWO,2024-03-05 20:57:29.928,180.70064,60.96863527777778,180.7017502622478,60.959887110345896,0.00876474847432,,20.324024,,,,,,,-4.813628977289211,,,,1.232358,,,,-4.4509019154992355,,
LEDA 2607793,ZWO,2024-03-05 20:57:29.928,180.6476420833333,60.84814472222222,180.6556469159043,60.84672705873947,0.0041491526626636,,19.61422,,,,,,,-5.408433330189656,,,,1.232358,,,,-5.04570626839968,,
SDSS J120123.28+605818.8,ZWO,2024-03-05 20:57:29.928,180.34712,60.97181722222222,180.30997271439185,60.985125022438886,0.0224025543554978,,20.128153,,,,,,,-4.775831113340962,,,,1.232358,,,,-4.413104051550986,,
SDSS J120200.28+605129.5,ZWO,2024-03-05 20:57:29.928,180.50115875,60.85819611111111,180.46157851482403,60.84794594456707,0.0218332619293434,,21.862967,,,,,,,-5.439503417279648,,,,1.232358,,,,-5.076776355489673,,
SDSS J120202.61+605825.1,ZWO,2024-03-05 20:57:29.928,180.51094166666664,60.973552777777776,180.551170297946,60.97341617788895,0.0195199859350485,,19.831186,,,,,,,-4.562887786472898,,,,1.232358,,,,-4.200160724682923,,
SDSS J120241.19+604322.6,ZWO,2024-03-05 20:57:29.928,180.6716775,60.72295888888889,180.6259379993807,60.73806904974764,0.0269891559042085,,19.88113,21.6,20.46,,,,,-5.271245357764841,,,,1.232358,,,,-4.908518295974866,,
SDSS J120249.78+604546.7,ZWO,2024-03-05 20:57:29.928,180.70744166666665,60.76299722222223,180.67621716559933,60.77795671004426,0.0213603343723654,,,,,,,,,-3.697751809176173,,,,1.232358,,,,-3.3350247473861976,,
SDSS J120251.27+605127.9,ZWO,2024-03-05 20:57:29.928,180.71366625,60.85774333333333,180.70799842451035,60.86808361485779,0.0107022051564286,,16.586504,,,,,,,-6.464764727947005,,,,1.232358,,,,-6.102037666157029,,
SDSS J120252.42+605306.3,ZWO,2024-03-05 20:57:29.928,180.71842291666664,60.885082777777775,180.70900655979125,60.87942649643886,0.0072793372880011,,20.805779,,,,,,,-4.772316193935981,,,,1.232358,,,,-4.409589132146006,,
TYC 4154-593-1,ZWO,2024-03-05 20:57:29.928,180.6188483333333,60.85004083333334,180.6189986716151,60.84712523175909,0.0029165211408529,,12.370372,13.09,12.3,,,,,-4.7937426730031705,,,,1.232358,,,,-4.431015611213195,,
TYC 4154-670-1,ZWO,2024-03-05 20:57:29.928,180.52546166666664,60.79639888888889,180.53049464165616,60.790335479926085,0.0065418914504982,,11.886413,12.73,12.22,,,,,-4.347689913770035,,,,1.232358,,,,-3.9849628519800593,,
2MASS J12004716+6055285,ZWO,2024-03-05 21:58:47.742,180.19645125,60.92463361111111,180.25622590979992,60.93546826634291,0.0309982792023483,,14.854797,15.226,14.933,,,,,-3.208561625524754,,,,1.126612,,,,-5.0937061556595875,,
GALEX J120158.4+610016,ZWO,2024-03-05 21:58:47.742,180.493535,61.00461611111111,180.4584282579412,61.01951443474589,0.0226146698136922,,19.960655,,,,,,,-2.0075365721015577,,,,1.126612,,,,-3.8926811022363905,,
Gaia DR3 1582294985825349120,ZWO,2024-03-05 21:58:47.742,180.4902725,60.74276416666667,180.4558813820093,60.74876321048249,0.0178450344825946,,17.232594,,,,,,,-3.5879928089547315,,,,1.126612,,,,-5.473137339089565,,
Gaia DR3 1582307767648078592,ZWO,2024-03-05 21:58:47.742,180.2604670833333,60.976418888888894,180.24130780057945,60.98927633403684,0.0158645919105432,,21.038603,,,,,,,-2.4440735534360543,,,,1.126612,,,,-4.329218083570887,,
Gaia DR3 1582387447881389056,ZWO,2024-03-05 21:58:47.742,180.70064,60.96863527777778,180.68932575203573,60.98694068997062,0.0191106840561924,,20.324024,,,,,,,-2.01472924347133,,,,1.126612,,,,-3.8998737736061635,,
LEDA 2607793,ZWO,2024-03-05 21:58:47.742,180.6476420833333,60.84814472222222,180.64601403922848,60.82361762188466,0.0245399283189101,,19.61422,,,,,,,-1.778062294775756,,,,1.126612,,,,-3.6632068249105894,,
SDSS J120053.39+605222.0,ZWO,2024-03-05 21:58:47.742,180.2225325,60.87265666666666,180.2712576019379,60.87177158422425,0.0237338933899655,,20.979723,,,,,,,-2.995535173162918,,,,1.126612,,,,-4.880679703297751,,
SDSS J120123.28+605818.8,ZWO,2024-03-05 21:58:47.742,180.34712,60.97181722222222,180.33148907905428,60.96756095811645,0.0086978062606651,,20.128153,,,,,,,-3.443736664008721,,,,1.126612,,,,-5.328881194143554,,
SDSS J120200.28+605129.5,ZWO,2024-03-05 21:58:47.742,180.50115875,60.85819611111111,180.47152213320172,60.87325752487239,0.0208575430207223,,21.862967,,,,,,,-2.778229538011716,,,,1.126612,,,,-4.663374068146549,,
SDSS J120202.61+605825.1,ZWO,2024-03-05 21:58:47.742,180.51094166666664,60.973552777777776,180.51227147313253,60.95921119953229,0.0143560923901377,,19.831186,,,,,,,-2.987123106384227,,,,1.126612,,,,-4.8722676365190605,,
SDSS J120241.19+604322.6,ZWO,2024-03-05 21:58:47.742,180.6716775,60.72295888888889,180.66602376815865,60.7199803426332,0.0040640994556919,,19.88113,21.6,20.46,,,,,-0.461866931755519,,,,1.126612,,,,-2.347011461890352,,
SDSS J120249.78+604546.7,ZWO,2024-03-05 21:58:47.742,180.70744166666665,60.76299722222223,180.699103131845,60.760932420762856,0.0045663597573478,,,,,,,,,-2.982122356841404,,,,1.126612,,,,-4.867266886976237,,
SDSS J120251.27+605127.9,ZWO,2024-03-05 21:58:47.742,180.71366625,60.85774333333333,180.71185701266245,60.85926370207613,0.0017572006346188,,16.586504,,,,,,,-2.431262323966361,,,,1.126612,,,,-4.316406854101194,,
SDSS J120252.42+605306.3,ZWO,2024-03-05 21:58:47.742,180.71842291666664,60.885082777777775,180.69004409974244,60.92237103115341,0.0397599551591943,,20.805779,,,,,,,-2.387035121567884,,,,1.126612,,,,-4.272179651702717,,
TYC 4154-593-1,ZWO,2024-03-05 21:58:47.742,180.6188483333333,60.85004083333334,180.61362511748092,60.865565424616925,0.0157315863953093,,12.370372,13.09,12.3,,,,,-1.7910927996138284,,,,1.126612,,,,-3.6762373297486617,,
TYC 4154-670-1,ZWO,2024-03-05 21:58:47.742,180.52546166666664,60.79639888888889,180.50599124735209,60.78286870803169,0.0165333609842397,,11.886413,12.73,12.22,,,,,-3.522000040851225,,,,1.126612,,,,-5.407144570986058,,
TYC 4154-789-1,ZWO,2024-03-05 21:58:47.742,180.17309333333333,60.78986416666667,180.2159710325032,60.80480753556101,0.0257089927438809,,11.257854,11.9,11.47,,,,,-3.3596955550396466,,,,1.126612,,,,-5.24484008517448,,
BD+61  1277,ZWO,2024-03-05 23:06:15.349,180.7205875,60.79778888888889,180.6789235757136,60.8076088630307,0.0225724281919728,,9.767136,11.42,10.13,,,,,-5.562012791852004,,,,1.06508,,,,-3.9570686762536513,,
GALEX J120158.4+610016,ZWO,2024-03-05 23:06:15.349,180.493535,61.00461611111111,180.5715094720141,60.9989778523399,0.0382188148053785,,19.960655,,,,,,,-5.904877873541329,,,,1.06508,,,,-4.299933757942977,,
Gaia DR3 1582294985825349120,ZWO,2024-03-05 23:06:15.349,180.4902725,60.74276416666667,180.43615710751823,60.75482441073341,0.0290633384383752,,17.232594,,,,,,,-5.65087702943024,,,,1.06508,,,,-4.045932913831887,,
LEDA 2607793,ZWO,2024-03-05 23:06:15.349,180.6476420833333,60.84814472222222,180.66686132639063,60.852390445076736,0.0102793564655348,,19.61422,,,,,,,-5.608676928313585,,,,1.06508,,,,-4.003732812715233,,
SDSS J120123.28+605818.8,ZWO,2024-03-05 23:06:15.349,180.34712,60.97181722222222,180.4060279050485,60.97037741675186,0.0286213424632059,,20.128153,,,,,,,-7.012659647193136,,,,1.06508,,,,-5.407715531594784,,
SDSS J120202.61+605825.1,ZWO,2024-03-05 23:06:15.349,180.51094166666664,60.973552777777776,180.56469009767096,60.94384871671426,0.0395361155017566,,19.831186,,,,,,,-5.541089452522245,,,,1.06508,,,,-3.9361453369238926,,
SDSS J120241.19+604322.6,ZWO,2024-03-05 23:06:15.349,180.6716775,60.72295888888889,180.64921721410468,60.69897936377576,0.0263771109960832,,19.88113,21.6,20.46,,,,,-5.462858274947448,,,,1.06508,,,,-3.8579141593490953,,
SDSS J120251.27+605127.9,ZWO,2024-03-05 23:06:15.349,180.71366625,60.85774333333333,180.7310921209935,60.82902580247565,0.0299461895109957,,16.586504,,,,,,,-6.539900555924774,,,,1.06508,,,,-4.934956440326422,,
SDSS J120252.42+605306.3,ZWO,2024-03-05 23:06:15.349,180.71842291666664,60.885082777777775,180.7161603632253,60.87727343879753,0.0078865706409529,,20.805779,,,,,,,-5.505773575492984,,,,1.06508,,,,-3.900829459894632,,
SDSS J120252.53+604350.7,ZWO,2024-03-05 23:06:15.349,180.71896791666663,60.73065,180.7263930468316,60.72140267143681,0.0099345708118749,,20.05006,,,,,,,-6.982572794376968,,,,1.06508,,,,-5.377628678778615,,
TYC 4154-593-1,ZWO,2024-03-05 23:06:15.349,180.6188483333333,60.85004083333334,180.5596443469875,60.84110916792709,0.030193416587861,,12.370372,13.09,12.3,,,,,-6.667096419731434,,,,1.06508,,,,-5.0621523041330825,,
TYC 4154-670-1,ZWO,2024-03-05 23:06:15.349,180.52546166666664,60.79639888888889,180.48498765817047,60.80882864180225,0.02333077841714,,11.886413,12.73,12.22,,,,,-5.6066989216764265,,,,1.06508,,,,-4.001754806078074,,
BD+61  1277,ZWO,2024-03-05 21:07:36.752,180.7205875,60.79778888888889,180.7130881817801,60.80525473765472,0.0083140295764332,,9.767136,11.42,10.13,,,,,-4.270932647126245,,,,1.212997,,,,,,
GALEX J120158.4+610016,ZWO,2024-03-05 21:07:36.752,180.493535,61.00461611111111,180.4591088013229,60.98407009385302,0.0264726124394911,,19.960655,,,,,,,-4.276865071761722,,,,1.212997,,,,,,
Gaia DR3 1582294749603370624,ZWO,2024-03-05 21:07:36.752,180.50535291666665,60.722285,180.467142631734,60.72582603007282,0.0190180168679237,,20.176197,,,,,,,-2.641682202991623,,,,1.212997,,,,,,
Gaia DR3 1582294985825349120,ZWO,2024-03-05 21:07:36.752,180.4902725,60.74276416666667,180.49137550767924,60.75003901209055,0.0072947865908224,,17.232594,,,,,,,-3.5555439726838856,,,,1.212997,,,,,,
Gaia DR3 1582307767648078592,ZWO,2024-03-05 21:07:36.752,180.2604670833333,60.976418888888894,180.30158399000615,60.97922365128267,0.0201440075256372,,21.038603,,,,,,,-5.185980572071957,,,,1.212997,,,,,,
Gaia DR3 1582387447881389056,ZWO,2024-03-05 21:07:36.752,180.70064,60.96863527777778,180.69388508987348,60.96849965441631,0.0032808903970672,,20.324024,,,,,,,-4.342049424596143,,,,1.212997,,,,,,
LEDA 2607793,ZWO,2024-03-05 21:07:36.752,180.6476420833333,60.84814472222222,180.6639733591249,60.83905909269863,0.0120770388136874,,19.61422,,,,,,,-5.421247241905075,,,,1.212997,,,,,,
SDSS J120123.28+605818.8,ZWO,2024-03-05 21:07:36.752,180.34712,60.97181722222222,180.36728721482265,60.96888464599565,0.0102163277657875,,20.128153,,,,,,,-3.504681302106305,,,,1.212997,,,,,,
SDSS J120200.28+605129.5,ZWO,2024-03-05 21:07:36.752,180.50115875,60.85819611111111,180.46997365671783,60.84029169349548,0.0234802226867176,,21.862967,,,,,,,-5.468555568857689,,,,1.212997,,,,,,
SDSS J120202.61+605825.1,ZWO,2024-03-05 21:07:36.752,180.51094166666664,60.973552777777776,180.5341149095864,60.99265832245808,0.022166926178988,,19.831186,,,,,,,-4.063188779362209,,,,1.212997,,,,,,
SDSS J120241.19+604322.6,ZWO,2024-03-05 21:07:36.752,180.6716775,60.72295888888889,180.63425046916683,60.73040492072212,0.0197577183948705,,19.88113,21.6,20.46,,,,,-5.274186935282984,,,,1.212997,,,,,,
SDSS J120249.78+604546.7,ZWO,2024-03-05 21:07:36.752,180.70744166666665,60.76299722222223,180.73462670964076,60.76218793384702,0.0133026161290218,,,,,,,,,-2.8750976601847045,,,,1.212997,,,,,,
SDSS J120251.27+605127.9,ZWO,2024-03-05 21:07:36.752,180.71366625,60.85774333333333,180.7374640827296,60.85471515912664,0.0119786851322339,,16.586504,,,,,,,-3.62222081425867,,,,1.212997,,,,,,
SDSS J120252.42+605306.3,ZWO,2024-03-05 21:07:36.752,180.71842291666664,60.885082777777775,180.71728619152395,60.87177792128357,0.0133163523708276,,20.805779,,,,,,,-4.825797341564154,,,,1.212997,,,,,,
TYC 4154-593-1,ZWO,2024-03-05 21:07:36.752,180.6188483333333,60.85004083333334,180.62636404784385,60.8534400197988,0.0049955084339069,,12.370372,13.09,12.3,,,,,-3.947382265197032,,,,1.212997,,,,,,
TYC 4154-670-1,ZWO,2024-03-05 21:07:36.752,180.52546166666664,60.79639888888889,180.513344665628,60.80717779250941,0.0122933096273237,,11.886413,12.73,12.22,,,,,-4.646089827795448,,,,1.212997,,,,,,
[PKK96] VB 133+55,ZWO,2024-03-05 21:07:36.752,180.75,61.0,180.6951333860625,61.012272148941086,0.029289671492596,,,,,,,,,-3.698685440154048,,,,1.212997,,,,,,
